,0
0,A
1,AA
2,AAC
3,AACG
4,AADI
5,AAIC
6,AAL
7,AAME
8,AAN
9,AAOI
10,AAON
11,AAP
12,AAPL
13,AAT
14,AATC
15,AAWW
16,AB
17,ABB
18,ABBV
19,ABC
20,ABCB
21,ABCM
22,ABEO
23,ABEV
24,ABG
25,ABGI
26,ABIO
27,ABM
28,ABMD
29,ABNB
30,ABOS
31,ABR
32,ABSI
33,ABT
34,ABTX
35,ABVC
36,AC
37,ACA
38,ACAD
39,ACBA
40,ACBAW
41,ACBI
42,ACC
43,ACCO
44,ACEL
45,ACER
46,ACET
47,ACEV
48,ACEVU
49,ACEVW
50,ACGL
51,ACGLN
52,ACGLO
53,ACH
54,ACHC
55,ACHL
56,ACHR
57,ACHV
58,ACI
59,ACIU
60,ACIW
61,ACKIT
62,ACKIU
63,ACLS
64,ACM
65,ACMR
66,ACN
67,ACNB
68,ACOR
69,ACP
70,ACQR
71,ACQRU
72,ACQRW
73,ACR
74,ACRE
75,ACRS
76,ACRX
77,ACT
78,ACTDW
79,ACTG
80,ACU
81,ACV
82,ACVA
83,ACXP
84,ACY
85,ADAG
86,ADAP
87,ADBE
88,ADC
89,ADCT
90,ADES
91,ADGI
92,ADI
93,ADIL
94,ADILW
95,ADMA
96,ADMP
97,ADNT
98,ADOC
99,ADOCR
100,ADOCW
101,ADP
102,ADPT
103,ADS
104,ADSK
105,ADT
106,ADTH
107,ADTN
108,ADTX
109,ADUS
110,ADV
111,ADVM
112,ADVWW
113,ADX
114,ADXN
115,AE
116,AEAC
117,AEACU
118,AEACW
119,AEE
120,AEF
121,AEG
122,AEHL
123,AEHR
124,AEI
125,AEIS
126,AEL
127,AEMD
128,AENZ
129,AEO
130,AEP
131,AEPPL
132,AEPPZ
133,AER
134,AERC
135,AERI
136,AES
137,AESC
138,AESE
139,AEVA
140,AEY
141,AEYE
142,AFACU
143,AFB
144,AFBI
145,AFCG
146,AFG
147,AFGB
148,AFGC
149,AFI
150,AFIB
151,AFIN
152,AFINO
153,AFINP
154,AFL
155,AFMD
156,AFRM
157,AFT
158,AFYA
159,AGAC
160,AGBA
161,AGBAR
162,AGBAW
163,AGCB
164,AGCO
165,AGD
166,AGE
167,AGEN
168,AGFY
169,AGGR
170,AGIL
171,AGILW
172,AGIO
173,AGL
174,AGLE
175,AGM
176,AGMH
177,AGNC
178,AGNCM
179,AGNCN
180,AGNCO
181,AGNCP
182,AGO
183,AGR
184,AGRO
185,AGRX
186,AGS
187,AGTC
188,AGTI
189,AGX
190,AGYS
191,AHCO
192,AHG
193,AHH
194,AHPI
195,AHT
196,AI
197,AIC
198,AIF
199,AIG
200,AIH
201,AIHS
202,AIKI
203,AIM
204,AIMC
205,AIN
206,AINC
207,AINV
208,AIO
209,AIP
210,AIR
211,AIRC
212,AIRG
213,AIRI
214,AIRS
215,AIRT
216,AIRTP
217,AIT
218,AIV
219,AIZ
220,AIZN
221,AJG
222,AJRD
223,AJX
224,AJXA
225,AKA
226,AKAM
227,AKBA
228,AKIC
229,AKICU
230,AKICW
231,AKR
232,AKRO
233,AKTS
234,AKTX
235,AKUS
236,AKYA
237,AL
238,ALAC
239,ALACR
240,ALACW
241,ALB
242,ALBO
243,ALC
244,ALDX
245,ALE
246,ALEC
247,ALEX
248,ALF
249,ALFIW
250,ALG
251,ALGM
252,ALGN
253,ALGS
254,ALGT
255,ALHC
256,ALIM
257,ALIT
258,ALJJ
259,ALK
260,ALKS
261,ALKT
262,ALL
263,ALLE
264,ALLK
265,ALLO
266,ALLR
267,ALLT
268,ALLY
269,ALNA
270,ALNY
271,ALOT
272,ALPN
273,ALPP
274,ALRM
275,ALRN
276,ALRS
277,ALSN
278,ALT
279,ALTG
280,ALTM
281,ALTO
282,ALTR
283,ALV
284,ALVR
285,ALX
286,ALXO
287,ALZN
288,AM
289,AMAL
290,AMAT
291,AMBA
292,AMBC
293,AMBO
294,AMC
295,AMCR
296,AMCX
297,AMD
298,AME
299,AMED
300,AMEH
301,AMG
302,AMGN
303,AMH
304,AMK
305,AMKR
306,AMN
307,AMNB
308,AMOT
309,AMOV
310,AMP
311,AMPE
312,AMPG
313,AMPGW
314,AMPH
315,AMPL
316,AMPY
317,AMR
318,AMRC
319,AMRK
320,AMRN
321,AMRS
322,AMRX
323,AMS
324,AMSC
325,AMSF
326,AMST
327,AMSWA
328,AMT
329,AMTB
330,AMTI
331,AMTX
332,AMWD
333,AMWL
334,AMX
335,AMYT
336,AMZN
337,AN
338,ANAB
339,ANAC
340,ANAT
341,ANDE
342,ANEB
343,ANET
344,ANF
345,ANGI
346,ANGN
347,ANGO
348,ANIK
349,ANIP
350,ANIX
351,ANNX
352,ANPC
353,ANSS
354,ANTE
355,ANTM
356,ANVS
357,AOD
358,AOMR
359,AON
360,AOS
361,AOSL
362,AP
363,APA
364,APAM
365,APD
366,APDN
367,APEI
368,APEN
369,APG
370,APGB
371,APH
372,API
373,APLE
374,APLS
375,APLT
376,APM
377,APO
378,APP
379,APPF
380,APPH
381,APPHW
382,APPN
383,APPS
384,APR
385,APRE
386,APRN
387,APSG
388,APTS
389,APTV
390,APTX
391,APVO
392,APWC
393,APYX
394,AQMS
395,AQN
396,AQNA
397,AQNB
398,AQNU
399,AQST
400,AQUA
401,AR
402,ARAV
403,ARAY
404,ARC
405,ARCB
406,ARCC
407,ARCE
408,ARCH
409,ARCO
410,ARCT
411,ARDC
412,ARDS
413,ARDX
414,ARE
415,ARES
416,ARGD
417,ARGO
418,ARGX
419,ARHS
420,ARI
421,ARIS
422,ARKO
423,ARKOW
424,ARKR
425,ARL
426,ARLO
427,ARLP
428,ARMK
429,ARMP
430,ARNA
431,ARNC
432,AROC
433,AROW
434,ARQT
435,ARR
436,ARRY
437,ARTA
438,ARTAW
439,ARTL
440,ARTLW
441,ARTNA
442,ARTW
443,ARVL
444,ARVN
445,ARW
446,ARWR
447,ARYD
448,ASA
449,ASAI
450,ASAN
451,ASB
452,ASC
453,ASG
454,ASGI
455,ASGN
456,ASH
457,ASIX
458,ASLE
459,ASLEW
460,ASLN
461,ASMB
462,ASML
463,ASND
464,ASO
465,ASPC
466,ASPCU
467,ASPCW
468,ASPN
469,ASPS
470,ASPU
471,ASR
472,ASRT
473,ASRV
474,ASTC
475,ASTE
476,ASTR
477,ASTS
478,ASTSW
479,ASUR
480,ASX
481,ASXC
482,ASYS
483,ATA
484,ATAX
485,ATC
486,ATCO
487,ATCX
488,ATEC
489,ATEN
490,ATER
491,ATEX
492,ATGE
493,ATH
494,ATHA
495,ATHE
496,ATHM
497,ATHX
498,ATI
499,ATIF
500,ATIP
501,ATKR
502,ATLC
503,ATLCP
504,ATLO
505,ATNF
506,ATNFW
507,ATNI
508,ATNM
509,ATNX
510,ATO
511,ATOM
512,ATOS
513,ATR
514,ATRA
515,ATRC
516,ATRI
517,ATRO
518,ATRS
519,ATTO
520,ATUS
521,ATVI
522,ATXI
523,ATXS
524,AU
525,AUB
526,AUBAP
527,AUBN
528,AUD
529,AUDC
530,AUGX
531,AUID
532,AUMN
533,AUR
534,AURA
535,AURC
536,AURCU
537,AURCW
538,AUROW
539,AUTL
540,AUTO
541,AUUD
542,AUUDW
543,AVA
544,AVAH
545,AVAL
546,AVAN
547,AVAV
548,AVB
549,AVCO
550,AVCT
551,AVCTW
552,AVD
553,AVDL
554,AVDX
555,AVEO
556,AVGO
557,AVGOP
558,AVGR
559,AVID
560,AVIR
561,AVK
562,AVLR
563,AVNS
564,AVNT
565,AVNW
566,AVPT
567,AVPTW
568,AVRO
569,AVT
570,AVTE
571,AVTR
572,AVTX
573,AVXL
574,AVY
575,AVYA
576,AWF
577,AWH
578,AWK
579,AWP
580,AWR
581,AWRE
582,AWX
583,AX
584,AXDX
585,AXGN
586,AXL
587,AXLA
588,AXNX
589,AXON
590,AXP
591,AXR
592,AXS
593,AXSM
594,AXTA
595,AXTI
596,AY
597,AYI
598,AYLA
599,AYTU
600,AYX
601,AZN
602,AZPN
603,AZRE
604,AZTA
605,AZUL
606,AZYO
607,AZZ
608,B
609,BA
610,BABA
611,BAC
612,BAFN
613,BAH
614,BAK
615,BALY
616,BAM
617,BAMH
618,BAMI
619,BANC
620,BAND
621,BANF
622,BANFP
623,BANR
624,BANX
625,BAOS
626,BAP
627,BARK
628,BASE
629,BATL
630,BATRA
631,BATRK
632,BAX
633,BBAI
634,BBAR
635,BBBY
636,BBCP
637,BBD
638,BBDC
639,BBDO
640,BBGI
641,BBI
642,BBIG
643,BBIO
644,BBL
645,BBLG
646,BBLGW
647,BBN
648,BBQ
649,BBSI
650,BBU
651,BBVA
652,BBW
653,BBWI
654,BBY
655,BC
656,BCAB
657,BCAT
658,BCBP
659,BCDA
660,BCDAW
661,BCEL
662,BCH
663,BCLI
664,BCML
665,BCO
666,BCOR
667,BCOV
668,BCOW
669,BCPC
670,BCRX
671,BCS
672,BCSF
673,BCV
674,BCX
675,BCYC
676,BDC
677,BDJ
678,BDL
679,BDN
680,BDR
681,BDSI
682,BDSX
683,BDTX
684,BDX
685,BDXB
686,BE
687,BEAM
688,BEAT
689,BEATW
690,BECN
691,BEDU
692,BEEM
693,BEEMW
694,BEKE
695,BELFA
696,BELFB
697,BEN
698,BENER
699,BEP
700,BERY
701,BFAM
702,BFC
703,BFI
704,BFIIW
705,BFIN
706,BFK
707,BFLY
708,BFRA
709,BFRI
710,BFRIW
711,BFS
712,BFST
713,BFZ
714,BG
715,BGB
716,BGCP
717,BGFV
718,BGH
719,BGNE
720,BGR
721,BGRY
722,BGRYW
723,BGS
724,BGSF
725,BGT
726,BGX
727,BGY
728,BH
729,BHAT
730,BHB
731,BHE
732,BHF
733,BHFAL
734,BHFAM
735,BHFAN
736,BHFAO
737,BHFAP
738,BHG
739,BHIL
740,BHK
741,BHLB
742,BHP
743,BHR
744,BHSE
745,BHSEW
746,BHV
747,BHVN
748,BIDU
749,BIF
750,BIG
751,BIGC
752,BIIB
753,BILI
754,BILL
755,BIMI
756,BIO
757,BIOC
758,BIOL
759,BIOT
760,BIOTU
761,BIOTW
762,BIOX
763,BIP
764,BIPH
765,BIRD
766,BIT
767,BIVI
768,BJ
769,BJDX
770,BJRI
771,BK
772,BKCC
773,BKD
774,BKE
775,BKEP
776,BKEPP
777,BKH
778,BKI
779,BKKT
780,BKN
781,BKNG
782,BKR
783,BKSC
784,BKSY
785,BKT
786,BKTI
787,BKU
788,BKYI
789,BL
790,BLBD
791,BLBX
792,BLCM
793,BLCT
794,BLD
795,BLDE
796,BLDEW
797,BLDR
798,BLE
799,BLFS
800,BLFY
801,BLI
802,BLIN
803,BLK
804,BLKB
805,BLL
806,BLMN
807,BLND
808,BLNK
809,BLNKW
810,BLPH
811,BLRX
812,BLSA
813,BLUA
814,BLUE
815,BLW
816,BLX
817,BLZE
818,BMA
819,BMBL
820,BME
821,BMEA
822,BMEZ
823,BMI
824,BMRA
825,BMRC
826,BMRN
827,BMTC
828,BMTX
829,BMY
830,BNED
831,BNFT
832,BNGO
833,BNGOW
834,BNL
835,BNOX
836,BNR
837,BNSO
838,BNTC
839,BNTX
840,BNY
841,BOAC
842,BODY
843,BOE
844,BOH
845,BOKF
846,BOLT
847,BOMN
848,BON
849,BOOT
850,BORR
851,BOSC
852,BOTJ
853,BOWL
854,BOX
855,BOXD
856,BOXL
857,BP
858,BPMC
859,BPMP
860,BPOP
861,BPOPM
862,BPRN
863,BPT
864,BPTH
865,BPTS
866,BPYPN
867,BPYPO
868,BPYPP
869,BQ
870,BR
871,BRBR
872,BRBS
873,BRC
874,BRCN
875,BRDG
876,BRDS
877,BREZR
878,BRFS
879,BRG
880,BRID
881,BRKL
882,BRKR
883,BRLI
884,BRLIR
885,BRLIW
886,BRLT
887,BRMK
888,BRN
889,BRO
890,BROG
891,BROGW
892,BROS
893,BRP
894,BRSP
895,BRT
896,BRTX
897,BRW
898,BRX
899,BRY
900,BRZE
901,BSA
902,BSAC
903,BSBR
904,BSET
905,BSFC
906,BSGM
907,BSIG
908,BSL
909,BSM
910,BSMX
911,BSQR
912,BSRR
913,BST
914,BSTZ
915,BSVN
916,BSX
917,BSY
918,BTA
919,BTAI
920,BTAQ
921,BTAQU
922,BTAQW
923,BTB
924,BTBD
925,BTBDW
926,BTBT
927,BTCM
928,BTCS
929,BTCY
930,BTI
931,BTN
932,BTNB
933,BTO
934,BTRS
935,BTRSW
936,BTT
937,BTTR
938,BTTX
939,BTU
940,BTWN
941,BTWNU
942,BTWNW
943,BTX
944,BTZ
945,BUD
946,BUI
947,BUR
948,BURL
949,BUSE
950,BV
951,BVH
952,BVN
953,BVS
954,BVXV
955,BW
956,BWA
957,BWAY
958,BWB
959,BWEN
960,BWFG
961,BWG
962,BWMN
963,BWMX
964,BWNB
965,BWSN
966,BX
967,BXC
968,BXMT
969,BXMX
970,BXP
971,BXRX
972,BXSL
973,BY
974,BYD
975,BYFC
976,BYM
977,BYND
978,BYRN
979,BYSI
980,BYTS
981,BYTSU
982,BYTSW
983,BZFD
984,BZFDW
985,BZH
986,BZUN
987,C
988,CAAP
989,CAAS
990,CABA
991,CABO
992,CAC
993,CACC
994,CACI
995,CADE
996,CADL
997,CAF
998,CAG
999,CAH
1000,CAJ
1001,CAKE
1002,CAL
1003,CALA
1004,CALB
1005,CALM
1006,CALT
1007,CALX
1008,CAMP
1009,CAMT
1010,CAN
1011,CANF
1012,CANG
1013,CANO
1014,CAPR
1015,CAR
1016,CARA
1017,CARE
1018,CARR
1019,CARV
1020,CASA
1021,CASH
1022,CASI
1023,CASS
1024,CASY
1025,CAT
1026,CATC
1027,CATY
1028,CB
1029,CBAN
1030,CBAT
1031,CBAY
1032,CBD
1033,CBFV
1034,CBH
1035,CBIO
1036,CBL
1037,CBNK
1038,CBOE
1039,CBRE
1040,CBRL
1041,CBSH
1042,CBT
1043,CBTX
1044,CBU
1045,CBZ
1046,CC
1047,CCAC
1048,CCB
1049,CCBG
1050,CCCC
1051,CCCS
1052,CCD
1053,CCEL
1054,CCEP
1055,CCF
1056,CCI
1057,CCK
1058,CCL
1059,CCLP
1060,CCM
1061,CCMP
1062,CCNE
1063,CCNEP
1064,CCO
1065,CCOI
1066,CCRN
1067,CCS
1068,CCSI
1069,CCU
1070,CCXI
1071,CCZ
1072,CD
1073,CDAK
1074,CDAY
1075,CDE
1076,CDEV
1077,CDK
1078,CDLX
1079,CDMO
1080,CDNA
1081,CDNS
1082,CDOR
1083,CDR
1084,CDRO
1085,CDROW
1086,CDTX
1087,CDW
1088,CDXC
1089,CDXS
1090,CDZI
1091,CDZIP
1092,CE
1093,CEA
1094,CECE
1095,CEE
1096,CEI
1097,CELC
1098,CELH
1099,CELP
1100,CELU
1101,CELUW
1102,CELZ
1103,CEM
1104,CEMI
1105,CEN
1106,CENX
1107,CEPU
1108,CEQP
1109,CERE
1110,CERN
1111,CERS
1112,CERT
1113,CET
1114,CETX
1115,CETXP
1116,CETXW
1117,CEV
1118,CEVA
1119,CF
1120,CFB
1121,CFBK
1122,CFFI
1123,CFFN
1124,CFG
1125,CFLT
1126,CFMS
1127,CFR
1128,CFRX
1129,CFX
1130,CFXA
1131,CG
1132,CGA
1133,CGBD
1134,CGEM
1135,CGEN
1136,CGNT
1137,CGNX
1138,CGO
1139,CGTX
1140,CHAA
1141,CHCI
1142,CHCO
1143,CHCT
1144,CHD
1145,CHDN
1146,CHE
1147,CHEF
1148,CHEK
1149,CHEKZ
1150,CHGG
1151,CHH
1152,CHI
1153,CHK
1154,CHKEL
1155,CHKEW
1156,CHKEZ
1157,CHKP
1158,CHMG
1159,CHMI
1160,CHN
1161,CHNG
1162,CHNGU
1163,CHNR
1164,CHPT
1165,CHRA
1166,CHRS
1167,CHRW
1168,CHS
1169,CHSCL
1170,CHSCM
1171,CHSCN
1172,CHSCO
1173,CHSCP
1174,CHT
1175,CHTR
1176,CHUY
1177,CHW
1178,CHWY
1179,CHX
1180,CHY
1181,CI
1182,CIA
1183,CIB
1184,CIDM
1185,CIEN
1186,CIF
1187,CIFR
1188,CIFRW
1189,CIG
1190,CIH
1191,CII
1192,CIK
1193,CIM
1194,CINF
1195,CING
1196,CINGW
1197,CINR
1198,CIO
1199,CION
1200,CIR
1201,CIT
1202,CIVB
1203,CIVI
1204,CIX
1205,CIZN
1206,CJJD
1207,CKPT
1208,CKX
1209,CL
1210,CLAR
1211,CLB
1212,CLBK
1213,CLBS
1214,CLDT
1215,CLDX
1216,CLEU
1217,CLFD
1218,CLGN
1219,CLIR
1220,CLLS
1221,CLM
1222,CLMT
1223,CLNE
1224,CLNN
1225,CLNNW
1226,CLOV
1227,CLPR
1228,CLPS
1229,CLPT
1230,CLR
1231,CLRB
1232,CLRO
1233,CLSD
1234,CLSK
1235,CLSN
1236,CLVS
1237,CLVT
1238,CLW
1239,CLWT
1240,CLX
1241,CLXT
1242,CMA
1243,CMAX
1244,CMAXW
1245,CMBM
1246,CMC
1247,CMCL
1248,CMCM
1249,CMCO
1250,CMCSA
1251,CMCT
1252,CMCTP
1253,CME
1254,CMG
1255,CMI
1256,CMLS
1257,CMMB
1258,CMP
1259,CMPI
1260,CMPR
1261,CMPS
1262,CMPX
1263,CMRE
1264,CMRX
1265,CMS
1266,CMSA
1267,CMSC
1268,CMSD
1269,CMT
1270,CMTG
1271,CMTL
1272,CMU
1273,CNA
1274,CNC
1275,CNCE
1276,CNDT
1277,CNET
1278,CNEY
1279,CNF
1280,CNFR
1281,CNFRL
1282,CNHI
1283,CNK
1284,CNM
1285,CNMD
1286,CNNB
1287,CNNE
1288,CNO
1289,CNOB
1290,CNOBP
1291,CNP
1292,CNR
1293,CNS
1294,CNSL
1295,CNSP
1296,CNTB
1297,CNTG
1298,CNTX
1299,CNTY
1300,CNVY
1301,CNX
1302,CNXC
1303,CNXN
1304,CO
1305,COCO
1306,COCP
1307,CODA
1308,CODX
1309,COE
1310,COF
1311,COFS
1312,COGT
1313,COHN
1314,COHR
1315,COHU
1316,COIN
1317,COKE
1318,COLB
1319,COLD
1320,COLL
1321,COLM
1322,COMM
1323,COMP
1324,COMS
1325,COMSP
1326,COMSW
1327,CONE
1328,CONN
1329,COO
1330,COOK
1331,COOL
1332,COOLU
1333,COOLW
1334,COOP
1335,COP
1336,COR
1337,CORR
1338,CORT
1339,COST
1340,COTY
1341,COUP
1342,COUR
1343,COVA
1344,COVAU
1345,COVAW
1346,COWN
1347,COWNL
1348,CPA
1349,CPAC
1350,CPB
1351,CPE
1352,CPF
1353,CPHC
1354,CPHI
1355,CPIX
1356,CPK
1357,CPLG
1358,CPLP
1359,CPNG
1360,CPRT
1361,CPRX
1362,CPS
1363,CPSI
1364,CPSS
1365,CPT
1366,CPTAG
1367,CPTAL
1368,CPTK
1369,CPZ
1370,CQP
1371,CR
1372,CRAI
1373,CRBP
1374,CRBU
1375,CRC
1376,CRCT
1377,CRDF
1378,CRESW
1379,CRESY
1380,CREX
1381,CREXW
1382,CRF
1383,CRH
1384,CRHC
1385,CRI
1386,CRIS
1387,CRK
1388,CRL
1389,CRM
1390,CRMD
1391,CRMT
1392,CRNC
1393,CRNT
1394,CRNX
1395,CROX
1396,CRS
1397,CRSP
1398,CRSR
1399,CRT
1400,CRTD
1401,CRTDW
1402,CRTO
1403,CRTX
1404,CRUS
1405,CRVL
1406,CRVS
1407,CRWD
1408,CRXT
1409,CRXTW
1410,CRY
1411,CRZN
1412,CRZNW
1413,CS
1414,CSAN
1415,CSBR
1416,CSCO
1417,CSCW
1418,CSGP
1419,CSGS
1420,CSII
1421,CSLT
1422,CSPI
1423,CSPR
1424,CSQ
1425,CSR
1426,CSSE
1427,CSSEN
1428,CSSEP
1429,CSTA
1430,CSTE
1431,CSTL
1432,CSTM
1433,CSTR
1434,CSV
1435,CSWC
1436,CSWI
1437,CSX
1438,CTAS
1439,CTBI
1440,CTEK
1441,CTG
1442,CTGO
1443,CTHR
1444,CTIB
1445,CTIC
1446,CTK
1447,CTKB
1448,CTLP
1449,CTLT
1450,CTMX
1451,CTO
1452,CTOS
1453,CTR
1454,CTRA
1455,CTRE
1456,CTRM
1457,CTS
1458,CTSH
1459,CTSO
1460,CTT
1461,CTV
1462,CTVA
1463,CTXR
1464,CTXRW
1465,CTXS
1466,CUBA
1467,CUBB
1468,CUBE
1469,CUBI
1470,CUE
1471,CUEN
1472,CUENW
1473,CUK
1474,CULL
1475,CULP
1476,CURI
1477,CURIW
1478,CURO
1479,CURV
1480,CUTR
1481,CUZ
1482,CVAC
1483,CVBF
1484,CVCO
1485,CVCY
1486,CVET
1487,CVGI
1488,CVGW
1489,CVI
1490,CVLG
1491,CVLT
1492,CVLY
1493,CVM
1494,CVNA
1495,CVR
1496,CVRX
1497,CVS
1498,CVT
1499,CVU
1500,CVV
1501,CVX
1502,CW
1503,CWAN
1504,CWBC
1505,CWBR
1506,CWCO
1507,CWEN
1508,CWH
1509,CWK
1510,CWST
1511,CWT
1512,CX
1513,CXDO
1514,CXE
1515,CXH
1516,CXM
1517,CXW
1518,CYAD
1519,CYAN
1520,CYBE
1521,CYBR
1522,CYCC
1523,CYCCP
1524,CYCN
1525,CYD
1526,CYH
1527,CYN
1528,CYRN
1529,CYT
1530,CYTH
1531,CYTHW
1532,CYTK
1533,CYTO
1534,CYXT
1535,CYXTW
1536,CZNC
1537,CZOO
1538,CZR
1539,CZWI
1540,D
1541,DAC
1542,DADA
1543,DAIO
1544,DAKT
1545,DAL
1546,DALN
1547,DAN
1548,DAO
1549,DAR
1550,DARE
1551,DASH
1552,DATS
1553,DATSW
1554,DAVA
1555,DAWN
1556,DB
1557,DBD
1558,DBGI
1559,DBGIW
1560,DBI
1561,DBRG
1562,DBTX
1563,DBVT
1564,DBX
1565,DCF
1566,DCGO
1567,DCGOW
1568,DCI
1569,DCO
1570,DCOM
1571,DCOMP
1572,DCP
1573,DCPH
1574,DCT
1575,DCTH
1576,DCUE
1577,DD
1578,DDD
1579,DDF
1580,DDI
1581,DDOG
1582,DDS
1583,DDT
1584,DE
1585,DEA
1586,DECK
1587,DEI
1588,DELL
1589,DEN
1590,DENN
1591,DEO
1592,DERM
1593,DESP
1594,DEX
1595,DFFN
1596,DFIN
1597,DFP
1598,DFS
1599,DG
1600,DGICA
1601,DGICB
1602,DGII
1603,DGLY
1604,DGNU
1605,DGX
1606,DH
1607,DHC
1608,DHCA
1609,DHCAU
1610,DHCAW
1611,DHCNI
1612,DHCNL
1613,DHF
1614,DHIL
1615,DHR
1616,DHT
1617,DHX
1618,DHY
1619,DIAX
1620,DIBS
1621,DICE
1622,DIN
1623,DIOD
1624,DIS
1625,DISA
1626,DISAW
1627,DISCA
1628,DISCB
1629,DISCK
1630,DISH
1631,DIT
1632,DJCO
1633,DK
1634,DKL
1635,DKNG
1636,DKS
1637,DLA
1638,DLB
1639,DLCA
1640,DLCAU
1641,DLCAW
1642,DLHC
1643,DLR
1644,DLTH
1645,DLTR
1646,DLX
1647,DLY
1648,DM
1649,DMB
1650,DMF
1651,DMLP
1652,DMO
1653,DMRC
1654,DMS
1655,DMTK
1656,DNA
1657,DNAD
1658,DNAY
1659,DNB
1660,DNLI
1661,DNMR
1662,DNOW
1663,DNP
1664,DNUT
1665,DOC
1666,DOCN
1667,DOCS
1668,DOCU
1669,DOGZ
1670,DOLE
1671,DOMA
1672,DOMO
1673,DORM
1674,DOV
1675,DOW
1676,DOX
1677,DOYU
1678,DPG
1679,DPRO
1680,DPZ
1681,DQ
1682,DRD
1683,DRE
1684,DRH
1685,DRI
1686,DRIO
1687,DRMA
1688,DRMAW
1689,DRNA
1690,DRQ
1691,DRRX
1692,DS
1693,DSAC
1694,DSACW
1695,DSEY
1696,DSGN
1697,DSL
1698,DSM
1699,DSP
1700,DSS
1701,DSU
1702,DSWL
1703,DSX
1704,DT
1705,DTB
1706,DTC
1707,DTE
1708,DTF
1709,DTG
1710,DTIL
1711,DTM
1712,DTP
1713,DTSS
1714,DTST
1715,DTSTW
1716,DTW
1717,DUK
1718,DUKB
1719,DUO
1720,DUOL
1721,DUOT
1722,DV
1723,DVA
1724,DVAX
1725,DVN
1726,DWSN
1727,DX
1728,DXC
1729,DXCM
1730,DXF
1731,DXLG
1732,DXPE
1733,DXR
1734,DXYN
1735,DY
1736,DYAI
1737,DYFN
1738,DYN
1739,DYNT
1740,DZSI
1741,E
1742,EA
1743,EAD
1744,EAF
1745,EAR
1746,EARN
1747,EAST
1748,EAT
1749,EB
1750,EBAC
1751,EBACU
1752,EBACW
1753,EBAY
1754,EBC
1755,EBET
1756,EBF
1757,EBIX
1758,EBMT
1759,EBON
1760,EBR
1761,EBS
1762,EBTC
1763,EC
1764,ECAT
1765,ECC           
1766,ECCB
1767,ECCC
1768,ECCW
1769,ECCX
1770,ECCY
1771,ECF
1772,ECL
1773,ECOL
1774,ECOLW
1775,ECOM          
1776,ECOR
1777,ECVT
1778,ED
1779,EDAP
1780,EDD
1781,EDF
1782,EDI
1783,EDIT
1784,EDN
1785,EDR
1786,EDRY
1787,EDTK
1788,EDU
1789,EDUC
1790,EEA
1791,EEFT
1792,EEIQ
1793,EEX
1794,EFC
1795,EFL
1796,EFOI
1797,EFR
1798,EFSC
1799,EFSCP
1800,EFT
1801,EFTR
1802,EFTRW
1803,EFX
1804,EGAN
1805,EGBN
1806,EGF
1807,EGHT
1808,EGLE
1809,EGP
1810,EGRX
1811,EGY
1812,EH
1813,EHC
1814,EHI
1815,EHTH
1816,EIC
1817,EICA
1818,EIG
1819,EIGR
1820,EIM
1821,EIX
1822,EJFA
1823,EJFAU
1824,EJFAW
1825,EJH
1826,EKSO
1827,EL
1828,ELA
1829,ELAN
1830,ELAT
1831,ELDN
1832,ELEV
1833,ELF
1834,ELLO
1835,ELMD
1836,ELMS
1837,ELMSW
1838,ELOX
1839,ELP
1840,ELS
1841,ELSE
1842,ELTK
1843,ELVT
1844,ELY
1845,ELYM
1846,ELYS
1847,EM
1848,EMAN
1849,EMBK
1850,EMBKW
1851,EMCF
1852,EMD
1853,EME
1854,EMF
1855,EMKR
1856,EML
1857,EMN
1858,EMO
1859,EMR
1860,ENB
1861,ENBA
1862,ENDP
1863,ENFN
1864,ENG
1865,ENIA
1866,ENIC
1867,ENJ
1868,ENJY
1869,ENJYW
1870,ENLC
1871,ENLV
1872,ENOB
1873,ENPH
1874,ENR
1875,ENS
1876,ENSC
1877,ENSG
1878,ENSV
1879,ENTA
1880,ENTG
1881,ENTX
1882,ENTXW
1883,ENV
1884,ENVA
1885,ENVB
1886,ENVX
1887,ENVXW
1888,ENX
1889,ENZ
1890,EOD
1891,EOG
1892,EOI
1893,EOLS
1894,EOS
1895,EOSE
1896,EOSEW
1897,EOT
1898,EPAC
1899,EPAM
1900,EPAY
1901,EPC
1902,EPD
1903,EPM
1904,EPR
1905,EPRT
1906,EPZM
1907,EQ
1908,EQBK
1909,EQC
1910,EQIX
1911,EQNR
1912,EQOS
1913,EQR
1914,EQRX
1915,EQRXW
1916,EQS
1917,EQT
1918,ERAS
1919,ERC
1920,ERH
1921,ERIC
1922,ERIE
1923,ERII
1924,ERJ
1925,ERYP
1926,ES
1927,ESBK
1928,ESCA
1929,ESE
1930,ESEA
1931,ESGC
1932,ESGR
1933,ESGRO
1934,ESGRP
1935,ESI
1936,ESLT
1937,ESM
1938,ESMT
1939,ESNT
1940,ESP
1941,ESPR
1942,ESQ
1943,ESRT
1944,ESS
1945,ESSA
1946,ESSC
1947,ESSCR
1948,ESSCU
1949,ESSCW
1950,ESTA
1951,ESTC
1952,ESTE
1953,ET
1954,ETB
1955,ETD
1956,ETG
1957,ETJ
1958,ETN
1959,ETNB
1960,ETO
1961,ETON
1962,ETR
1963,ETRN
1964,ETSY
1965,ETTX
1966,ETV
1967,ETW
1968,ETWO
1969,ETX           
1970,ETY
1971,EUCR
1972,EUCRU
1973,EUCRW
1974,EURN
1975,EVAX
1976,EVBG
1977,EVBN
1978,EVC
1979,EVCM
1980,EVER
1981,EVF
1982,EVFM
1983,EVG
1984,EVGN
1985,EVGO
1986,EVGOW
1987,EVH
1988,EVI
1989,EVK
1990,EVLMC
1991,EVLO
1992,EVLV
1993,EVLVW
1994,EVM
1995,EVN
1996,EVO
1997,EVOK
1998,EVOL
1999,EVOP
2000,EVR
2001,EVRG
2002,EVRI
2003,EVT
2004,EVTC
2005,EVV
2006,EW
2007,EWBC
2008,EWCZ
2009,EWTX
2010,EXAS
2011,EXC
2012,EXD
2013,EXEL
2014,EXFY
2015,EXG
2016,EXLS
2017,EXP
2018,EXPD
2019,EXPE
2020,EXPI
2021,EXPO
2022,EXR
2023,EXTN
2024,EXTR
2025,EYE
2026,EYEN
2027,EYES
2028,EYESW
2029,EYPT
2030,EZFL
2031,EZGO
2032,EZPW
2033,F
2034,FA
2035,FACT
2036,FAF
2037,FAM
2038,FAMI
2039,FANG
2040,FANH
2041,FARM
2042,FARO
2043,FAT
2044,FATBB
2045,FATBP
2046,FATBW
2047,FATE
2048,FAX
2049,FB
2050,FBC
2051,FBHS
2052,FBIO
2053,FBIOP
2054,FBIZ
2055,FBK
2056,FBMS
2057,FBNC
2058,FBP
2059,FBRT
2060,FBRX
2061,FC
2062,FCAP
2063,FCAX
2064,FCBC
2065,FCCO
2066,FCCY
2067,FCEL
2068,FCF
2069,FCFS
2070,FCN
2071,FCNCA
2072,FCNCP
2073,FCO
2074,FCPT
2075,FCRD
2076,FCT
2077,FCUV
2078,FCX
2079,FDBC
2080,FDEU
2081,FDMT
2082,FDP
2083,FDS
2084,FDUS
2085,FDX
2086,FE
2087,FEDU
2088,FEI           
2089,FEIM
2090,FELE
2091,FEMY
2092,FEN
2093,FENG
2094,FEO
2095,FERG
2096,FET
2097,FF
2098,FFA
2099,FFBC
2100,FFBW
2101,FFC
2102,FFHL
2103,FFIC
2104,FFIE
2105,FFIEW
2106,FFIN
2107,FFIV
2108,FFNW
2109,FFWM
2110,FGB
2111,FGBI
2112,FGBIP
2113,FGEN
2114,FGF
2115,FGFPP
2116,FHB
2117,FHI
2118,FHN
2119,FHS
2120,FHTX
2121,FIBK
2122,FICO
2123,FIF
2124,FIGS
2125,FINM
2126,FINMU
2127,FINMW
2128,FINS
2129,FINV
2130,FINW
2131,FIS
2132,FISI
2133,FISV
2134,FITB
2135,FITBI
2136,FITBO
2137,FITBP
2138,FIVE
2139,FIVN
2140,FIX
2141,FIXX
2142,FIZZ
2143,FKWL
2144,FL
2145,FLAC
2146,FLACU
2147,FLACW
2148,FLC
2149,FLDM
2150,FLEX
2151,FLGT
2152,FLIC
2153,FLL
2154,FLMN
2155,FLMNW
2156,FLNG
2157,FLNT
2158,FLO
2159,FLOW
2160,FLR
2161,FLS
2162,FLT
2163,FLUX
2164,FLWS
2165,FLXS
2166,FLYW
2167,FMAO
2168,FMBH
2169,FMBI
2170,FMBIO
2171,FMBIP
2172,FMC
2173,FMN
2174,FMNB
2175,FMO
2176,FMS
2177,FMTX
2178,FMX
2179,FMY
2180,FN
2181,FNA
2182,FNB
2183,FNCB
2184,FNCH
2185,FND
2186,FNF
2187,FNGR
2188,FNHC
2189,FNKO
2190,FNLC
2191,FNWB
2192,FNWD
2193,FOA
2194,FOCS
2195,FOE
2196,FOF
2197,FOLD
2198,FONR
2199,FOR
2200,FORA
2201,FORG
2202,FORM
2203,FORR
2204,FORTY
2205,FOSL
2206,FOUR
2207,FOX
2208,FOXA
2209,FOXF
2210,FPAC
2211,FPAY
2212,FPF
2213,FPH
2214,FPI
2215,FPL
2216,FR
2217,FRA
2218,FRAF
2219,FRBA
2220,FRBK
2221,FRC
2222,FRD
2223,FREE
2224,FREEW
2225,FREQ
2226,FRG
2227,FRGAP
2228,FRGI
2229,FRHC
2230,FRLN
2231,FRME
2232,FRO
2233,FROG
2234,FRON
2235,FRONU
2236,FRONW
2237,FRPH
2238,FRSH
2239,FRST
2240,FRSX
2241,FRT
2242,FSBC
2243,FSBW
2244,FSD
2245,FSEA
2246,FSFG
2247,FSI
2248,FSK
2249,FSLR
2250,FSLY
2251,FSP
2252,FSS
2253,FSTR
2254,FSTX
2255,FT
2256,FTAA
2257,FTAAU
2258,FTAAW
2259,FTAI
2260,FTCH
2261,FTCI
2262,FTDR
2263,FTEK
2264,FTF
2265,FTFT
2266,FTHM
2267,FTHY
2268,FTI
2269,FTK
2270,FTNT
2271,FTS
2272,FTSI
2273,FTV
2274,FUBO
2275,FUL
2276,FULC
2277,FULT
2278,FULTP
2279,FUN
2280,FUNC
2281,FUND
2282,FUSB
2283,FUTU
2284,FUV
2285,FVCB
2286,FVE
2287,FVRR
2288,FWBI
2289,FWONA
2290,FWONK
2291,FWP
2292,FWRD
2293,FWRG
2294,FXLV
2295,FXNC
2296,FYBR
2297,G
2298,GAB
2299,GABC
2300,GAIA
2301,GAIN
2302,GAINN
2303,GAINZ
2304,GALT
2305,GAM
2306,GAN
2307,GANX
2308,GASS
2309,GATO
2310,GATX
2311,GB
2312,GBAB
2313,GBCI
2314,GBDC
2315,GBIO
2316,GBL
2317,GBLI
2318,GBLIL
2319,GBNY
2320,GBOX
2321,GBR
2322,GBRG
2323,GBRGR
2324,GBRGW
2325,GBS
2326,GBT
2327,GBX
2328,GCBC
2329,GCI
2330,GCMG
2331,GCMGW
2332,GCP
2333,GCV
2334,GD
2335,GDDY
2336,GDEN
2337,GDL
2338,GDO
2339,GDOT
2340,GDRX
2341,GDS
2342,GDV
2343,GDYN
2344,GE
2345,GECC
2346,GECCM
2347,GECCN
2348,GEG
2349,GEL
2350,GENC
2351,GENE
2352,GEO
2353,GEOS
2354,GER
2355,GERN
2356,GEVO
2357,GF
2358,GFAI
2359,GFAIW
2360,GFED
2361,GFF
2362,GFI
2363,GGAL
2364,GGB
2365,GGG
2366,GGN
2367,GGT
2368,GGZ
2369,GH
2370,GHC
2371,GHG
2372,GHL
2373,GHLD
2374,GHM
2375,GHSI
2376,GHY
2377,GIC
2378,GIFI
2379,GIGM
2380,GIII
2381,GIL
2382,GILD
2383,GILT
2384,GIM
2385,GIPR
2386,GIPRW
2387,GIS
2388,GJS
2389,GKOS
2390,GL
2391,GLAD
2392,GLBE
2393,GLBL
2394,GLBLU
2395,GLBLW
2396,GLBS
2397,GLBZ
2398,GLDD
2399,GLG
2400,GLMD
2401,GLNG
2402,GLO
2403,GLOB
2404,GLOP
2405,GLP
2406,GLPG
2407,GLPI
2408,GLQ
2409,GLRE
2410,GLSI
2411,GLSPT
2412,GLSPU
2413,GLSPW
2414,GLT
2415,GLTO
2416,GLU
2417,GLUE
2418,GLV
2419,GLW
2420,GLYC
2421,GM
2422,GMAB
2423,GMBL
2424,GMBLP
2425,GMBLW
2426,GMBT
2427,GMBTU
2428,GMBTW
2429,GMDA
2430,GME
2431,GMED
2432,GMRE
2433,GMTX
2434,GNCA
2435,GNE
2436,GNFT
2437,GNK
2438,GNL
2439,GNLN
2440,GNOG
2441,GNPX
2442,GNRC
2443,GNSS
2444,GNT
2445,GNTX
2446,GNTY
2447,GNUS
2448,GNW
2449,GO
2450,GOCO
2451,GOED
2452,GOF
2453,GOGL
2454,GOGO
2455,GOL
2456,GOLF
2457,GOOD
2458,GOODN
2459,GOODO
2460,GOOG
2461,GOOGL
2462,GORO
2463,GOSS
2464,GOTU
2465,GOVX
2466,GOVXW
2467,GP
2468,GPAC
2469,GPACU
2470,GPACW
2471,GPC
2472,GPI
2473,GPK
2474,GPMT
2475,GPN
2476,GPOR
2477,GPRE
2478,GPRK
2479,GPRO
2480,GPS
2481,GRAY
2482,GRBK
2483,GRC
2484,GRCL
2485,GRCY
2486,GRCYU
2487,GRCYW
2488,GREE
2489,GREEL
2490,GRF
2491,GRFS
2492,GRIN
2493,GRMN
2494,GRNQ
2495,GROW
2496,GRPH
2497,GRPN
2498,GRTS
2499,GRTX
2500,GRVI
2501,GRVY
2502,GRWG
2503,GRX
2504,GS
2505,GSAQ
2506,GSAQU
2507,GSAQW
2508,GSAT
2509,GSBC
2510,GSBD
2511,GSHD
2512,GSIT
2513,GSK
2514,GSKY
2515,GSL
2516,GSLD
2517,GSM
2518,GSMG
2519,GSMGW
2520,GSQD
2521,GT
2522,GTBP
2523,GTE
2524,GTEC
2525,GTES
2526,GTH
2527,GTHX
2528,GTIM
2529,GTLB
2530,GTLS
2531,GTN
2532,GTS
2533,GTX
2534,GTXAP
2535,GTY
2536,GTYH
2537,GURE
2538,GUT
2539,GVA
2540,GVP
2541,GWB
2542,GWGH
2543,GWH
2544,GWRE
2545,GWRS
2546,GWW
2547,GXO
2548,GYRO
2549,H
2550,HA
2551,HAE
2552,HAFC
2553,HAIN
2554,HAL
2555,HALL
2556,HALO
2557,HAPP
2558,HARP
2559,HAS
2560,HASI
2561,HAYW
2562,HBAN
2563,HBANM
2564,HBANP
2565,HBCP
2566,HBI
2567,HBIO
2568,HBMD
2569,HBNC
2570,HBP
2571,HBT
2572,HCA
2573,HCAT
2574,HCCI
2575,HCDI
2576,HCDIP
2577,HCDIW
2578,HCDIZ
2579,HCI
2580,HCKT
2581,HCM
2582,HCP
2583,HCSG
2584,HCTI
2585,HCWB
2586,HCXY
2587,HD
2588,HDB
2589,HDSN
2590,HEAR
2591,HEES
2592,HEI
2593,HELE
2594,HEPA
2595,HEQ
2596,HERAW
2597,HES
2598,HESM
2599,HFBL
2600,HFC
2601,HFFG
2602,HFRO
2603,HFWA
2604,HGBL
2605,HGEN
2606,HGH
2607,HGLB
2608,HGSH
2609,HGTY
2610,HGV
2611,HHC
2612,HHLA
2613,HHR
2614,HHS
2615,HI
2616,HIBB
2617,HIE
2618,HIFS
2619,HIG
2620,HIGA
2621,HIHO
2622,HII
2623,HIL
2624,HIMS
2625,HIMX
2626,HIO
2627,HIW
2628,HIX
2629,HKIB
2630,HL
2631,HLBZ
2632,HLBZW
2633,HLF
2634,HLG
2635,HLI
2636,HLIO
2637,HLIT
2638,HLLY
2639,HLMN
2640,HLNE
2641,HLT
2642,HLTH
2643,HLX
2644,HLXA
2645,HMC
2646,HMG
2647,HMHC
2648,HMLP
2649,HMN
2650,HMNF
2651,HMPT
2652,HMST
2653,HMTV
2654,HMY
2655,HNGR
2656,HNI
2657,HNNA
2658,HNP
2659,HNRG
2660,HNST
2661,HNW
2662,HOFT
2663,HOFV
2664,HOFVW
2665,HOG
2666,HOLI
2667,HOLX
2668,HOMB
2669,HONE
2670,HOOD
2671,HOOK
2672,HOPE
2673,HOTH
2674,HOV
2675,HOVNP
2676,HOWL
2677,HP
2678,HPE
2679,HPF
2680,HPI
2681,HPK
2682,HPKEW
2683,HPP
2684,HPQ
2685,HPS
2686,HPX
2687,HQH
2688,HQI
2689,HQL
2690,HQY
2691,HR
2692,HRB
2693,HRI
2694,HRL
2695,HRMY
2696,HROW
2697,HRTG
2698,HRTX
2699,HRZN
2700,HSAQ
2701,HSBC
2702,HSC
2703,HSDT
2704,HSIC
2705,HSII
2706,HSON
2707,HST
2708,HSTM
2709,HSTO
2710,HSY
2711,HT
2712,HTA
2713,HTBI
2714,HTBK
2715,HTBX
2716,HTD
2717,HTGC
2718,HTGM
2719,HTH
2720,HTHT
2721,HTIA
2722,HTIBP
2723,HTLD
2724,HTLF
2725,HTLFP
2726,HTOO
2727,HTOOW
2728,HTPA
2729,HTY
2730,HTZ
2731,HTZWW
2732,HUBB
2733,HUBG
2734,HUBS
2735,HUDI
2736,HUIZ
2737,HUM
2738,HUMA
2739,HUMAW
2740,HUN
2741,HURC
2742,HURN
2743,HUSA
2744,HUSN
2745,HUYA
2746,HVBC
2747,HVT
2748,HWBK
2749,HWC
2750,HWCPZ
2751,HWKN
2752,HWM
2753,HXL
2754,HY
2755,HYB
2756,HYFM
2757,HYI
2758,HYLN
2759,HYMC
2760,HYMCL
2761,HYMCW
2762,HYMCZ
2763,HYPR
2764,HYRE
2765,HYT
2766,HYW
2767,HYZN
2768,HYZNW
2769,HZN
2770,HZNP
2771,HZO
2772,HZON
2773,IAA
2774,IAC
2775,IAE
2776,IAF
2777,IART
2778,IAS
2779,IBA
2780,IBCP
2781,IBEX
2782,IBIO
2783,IBKR
2784,IBM
2785,IBN
2786,IBOC
2787,IBP
2788,IBRX
2789,IBTX
2790,ICAD
2791,ICCC
2792,ICCH
2793,ICD
2794,ICE
2795,ICFI
2796,ICHR
2797,ICL
2798,ICLK
2799,ICLR
2800,ICMB
2801,ICPT
2802,ICUI
2803,ICVX
2804,ID
2805,IDA
2806,IDBA
2807,IDCC
2808,IDE
2809,IDEX
2810,IDN
2811,IDRA
2812,IDT
2813,IDW
2814,IDXX
2815,IDYA
2816,IEA
2817,IEAWW
2818,IESC
2819,IEX
2820,IFF
2821,IFN
2822,IFRX
2823,IFS
2824,IGA
2825,IGAP
2826,IGC
2827,IGD
2828,IGI
2829,IGIC
2830,IGICW
2831,IGMS
2832,IGR
2833,IGT
2834,IGTAU
2835,IH
2836,IHC
2837,IHD
2838,IHG
2839,IHIT
2840,IHRT
2841,IHT
2842,IHTA
2843,IIF
2844,III
2845,IIIV
2846,IIM
2847,IIN
2848,IINN
2849,IINNW
2850,IIPR
2851,IIVI
2852,IIVIP
2853,IKNA
2854,IKT
2855,ILMN
2856,ILPT
2857,IMAB
2858,IMAC
2859,IMACW
2860,IMBI
2861,IMCR
2862,IMGN
2863,IMGO
2864,IMH
2865,IMKTA
2866,IMMP
2867,IMMR
2868,IMMX
2869,IMNM
2870,IMOS
2871,IMPL
2872,IMPX
2873,IMRA
2874,IMRN
2875,IMRNW
2876,IMRX
2877,IMTE
2878,IMTX
2879,IMTXW
2880,IMUX
2881,IMVT
2882,IMXI
2883,INAB
2884,INBK
2885,INBKZ
2886,INBX
2887,INCY
2888,INDB
2889,INDI
2890,INDIW
2891,INDO
2892,INDP
2893,INDT
2894,INFA
2895,INFI
2896,INFN
2897,INFO
2898,INFU
2899,INFY
2900,ING
2901,INGN
2902,INGR
2903,INKT
2904,INMB
2905,INMD
2906,INN
2907,INNV
2908,INO
2909,INOD
2910,INPX
2911,INS
2912,INSG
2913,INSI
2914,INSM
2915,INSP
2916,INST
2917,INSW
2918,INT
2919,INTA
2920,INTC
2921,INTG
2922,INTT
2923,INTU
2924,INTZ
2925,INUV
2926,INVA
2927,INVE
2928,INVH
2929,INVO
2930,INVZ
2931,INVZW
2932,INZY
2933,IO
2934,IOBT
2935,IONM
2936,IONQ
2937,IONS
2938,IOR
2939,IOSP
2940,IOT
2941,IOVA
2942,IP
2943,IPAR
2944,IPDN
2945,IPG
2946,IPGP
2947,IPHA
2948,IPI
2949,IPOD
2950,IPOF
2951,IPSC
2952,IPW
2953,IPWR
2954,IQ
2955,IQI
2956,IQV
2957,IR
2958,IRCP
2959,IRDM
2960,IRIX
2961,IRL
2962,IRM
2963,IRMD
2964,IRNT
2965,IROQ
2966,IRS
2967,IRT
2968,IRTC
2969,IRWD
2970,ISBC
2971,ISD
2972,ISDR
2973,ISEE
2974,ISIG
2975,ISO
2976,ISPC
2977,ISR
2978,ISRG
2979,ISSC
2980,ISTR
2981,ISUN
2982,IT
2983,ITCB
2984,ITCI
2985,ITGR
2986,ITHX
2987,ITHXU
2988,ITHXW
2989,ITI
2990,ITIC
2991,ITOS
2992,ITP
2993,ITQ
2994,ITQRU
2995,ITQRW
2996,ITRI
2997,ITRM
2998,ITRN
2999,ITT
3000,ITUB
3001,ITW
3002,IVA
3003,IVAN
3004,IVC
3005,IVH
3006,IVR
3007,IVT
3008,IVZ
3009,IX
3010,IZEA
3011,J
3012,JACK
3013,JAGX
3014,JAKK
3015,JAMF
3016,JAN
3017,JANX
3018,JAZZ
3019,JBGS
3020,JBHT
3021,JBK
3022,JBL
3023,JBLU
3024,JBSS
3025,JBT
3026,JCE
3027,JCI
3028,JCIC
3029,JCICU
3030,JCICW
3031,JCO
3032,JCS
3033,JD
3034,JEF
3035,JEMD
3036,JEQ
3037,JFIN
3038,JFR
3039,JFU
3040,JG
3041,JGH
3042,JHAA
3043,JHG
3044,JHI
3045,JHS
3046,JHX
3047,JILL
3048,JJSF
3049,JKHY
3050,JKS
3051,JLL
3052,JLS
3053,JMIA
3054,JMM
3055,JNCE
3056,JNJ
3057,JNPR
3058,JOAN
3059,JOB
3060,JOBS
3061,JOBY
3062,JOE
3063,JOF
3064,JOUT
3065,JP
3066,JPC
3067,JPI
3068,JPM
3069,JPS
3070,JPT
3071,JQC
3072,JRI
3073,JRJC
3074,JRO
3075,JRS
3076,JRSH
3077,JRVR
3078,JSD
3079,JSM
3080,JSPR
3081,JSPRW
3082,JT
3083,JUPW
3084,JUPWW
3085,JVA
3086,JWEL
3087,JWN
3088,JWSM
3089,JXN
3090,JZXN
3091,K
3092,KAI
3093,KAII
3094,KAIIU
3095,KAIIW
3096,KAIR
3097,KAIRU
3098,KAIRW
3099,KALA
3100,KALU
3101,KALV
3102,KAMN
3103,KARO
3104,KAVL
3105,KB
3106,KBAL
3107,KBNT
3108,KBNTW
3109,KBR
3110,KC
3111,KD
3112,KDNY
3113,KDP
3114,KE
3115,KELYA
3116,KELYB
3117,KEN
3118,KEP
3119,KEQU
3120,KERN
3121,KERNW
3122,KEX
3123,KEY
3124,KEYS
3125,KF
3126,KFFB
3127,KFRC
3128,KFY
3129,KHC
3130,KIDS
3131,KIII
3132,KIIIU
3133,KIIIW
3134,KIM
3135,KIND
3136,KINS
3137,KIO
3138,KIRK
3139,KKR
3140,KLAC
3141,KLDO
3142,KLIC
3143,KLR
3144,KLTR
3145,KLXE
3146,KMB
3147,KMDA
3148,KMF
3149,KMI
3150,KMPH
3151,KMPR
3152,KMT
3153,KMX
3154,KN
3155,KNBE
3156,KNDI
3157,KNOP
3158,KNSA
3159,KNSL
3160,KNTE
3161,KNX
3162,KO
3163,KOD
3164,KODK
3165,KOF
3166,KOP
3167,KOPN
3168,KOS
3169,KOSS
3170,KPLT
3171,KPLTW
3172,KPRX
3173,KPTI
3174,KR
3175,KRA
3176,KRBP
3177,KRC
3178,KREF
3179,KRG
3180,KRKR
3181,KRMD
3182,KRNL
3183,KRNLW
3184,KRNT
3185,KRNY
3186,KRO
3187,KRON
3188,KROS
3189,KRP
3190,KRT
3191,KRTX
3192,KRUS
3193,KRYS
3194,KSM
3195,KSPN
3196,KSS
3197,KT
3198,KTCC
3199,KTF
3200,KTH
3201,KTOS
3202,KTRA
3203,KTTA
3204,KTTAW
3205,KUKE
3206,KURA
3207,KVHI
3208,KW
3209,KWR
3210,KXIN
3211,KYMR
3212,KYN
3213,KZIA
3214,KZR
3215,L
3216,LABP
3217,LAD
3218,LADR
3219,LAIX
3220,LAMR
3221,LANC
3222,LAND
3223,LANDM
3224,LANDO
3225,LARK
3226,LASR
3227,LAUR
3228,LAW
3229,LAWS
3230,LAZ
3231,LAZR
3232,LAZY
3233,LBAI
3234,LBC
3235,LBPH
3236,LBPS
3237,LBPSW
3238,LBRDA
3239,LBRDK
3240,LBRDP
3241,LBRT
3242,LBTYA
3243,LBTYB
3244,LBTYK
3245,LC
3246,LCAA
3247,LCI
3248,LCID
3249,LCII
3250,LCNB
3251,LCTX
3252,LCUT
3253,LDHA
3254,LDHAU
3255,LDHAW
3256,LDI
3257,LDOS
3258,LDP
3259,LE
3260,LEA
3261,LEAP
3262,LECO
3263,LEDS
3264,LEE
3265,LEG
3266,LEGA
3267,LEGAW
3268,LEGH
3269,LEGN
3270,LEJU
3271,LEN
3272,LEO
3273,LEVI
3274,LEXX
3275,LEXXW
3276,LFC
3277,LFMD
3278,LFMDP
3279,LFST
3280,LFT
3281,LFUS
3282,LFVN
3283,LGAC
3284,LGACU
3285,LGACW
3286,LGHL
3287,LGHLW
3288,LGIH
3289,LGL
3290,LGND
3291,LGVN
3292,LH
3293,LHC
3294,LHCG
3295,LHDX
3296,LHX
3297,LI
3298,LIDR
3299,LIDRW
3300,LIFE
3301,LII
3302,LILA
3303,LILAK
3304,LIN
3305,LINC
3306,LINK
3307,LIQT
3308,LITB
3309,LITE
3310,LIVE
3311,LIVN
3312,LIXT
3313,LIXTW
3314,LIZI
3315,LJPC
3316,LKCO
3317,LKFN
3318,LKQ
3319,LL
3320,LLL
3321,LLY
3322,LMAT
3323,LMB
3324,LMDX
3325,LMDXW
3326,LMFA
3327,LMND
3328,LMNR
3329,LMST
3330,LMT
3331,LNC
3332,LND
3333,LNDC
3334,LNFA
3335,LNG
3336,LNN
3337,LNSR
3338,LNT
3339,LNTH
3340,LOAN
3341,LOB
3342,LOCL
3343,LOCO
3344,LODE
3345,LOGC
3346,LOGI
3347,LOMA
3348,LOPE
3349,LOTZ
3350,LOTZW
3351,LOV
3352,LOW
3353,LPCN
3354,LPG
3355,LPI
3356,LPL
3357,LPLA
3358,LPRO
3359,LPSN
3360,LPTH
3361,LPTX
3362,LQDA
3363,LQDT
3364,LRCX
3365,LRFC
3366,LRMR
3367,LRN
3368,LSBK
3369,LSCC
3370,LSF
3371,LSI
3372,LSTR
3373,LSXMA
3374,LSXMB
3375,LSXMK
3376,LTBR
3377,LTC
3378,LTCH
3379,LTCHW
3380,LTH
3381,LTHM
3382,LTRN
3383,LTRX
3384,LTRY
3385,LTRYW
3386,LU
3387,LUB
3388,LUCD
3389,LUMN
3390,LUMO
3391,LUNA
3392,LUNG
3393,LUV
3394,LVLU
3395,LVO
3396,LVOX
3397,LVOXW
3398,LVRA
3399,LVRAU
3400,LVRAW
3401,LVS
3402,LVTX
3403,LW
3404,LWAY
3405,LWLG
3406,LX
3407,LXEH
3408,LXFR
3409,LXP
3410,LXRX
3411,LXU
3412,LYB
3413,LYEL
3414,LYFT
3415,LYG
3416,LYL
3417,LYLT
3418,LYRA
3419,LYTS
3420,LYV
3421,LZ
3422,LZB
3423,M
3424,MA
3425,MAA
3426,MAC
3427,MACA
3428,MACAU
3429,MACAW
3430,MACK
3431,MAIN
3432,MAN
3433,MANH
3434,MANT
3435,MANU
3436,MAPS
3437,MAPSW
3438,MAR
3439,MARA
3440,MARK
3441,MARPS
3442,MAS
3443,MASI
3444,MASS
3445,MAT
3446,MATX
3447,MAV
3448,MAX
3449,MAXN
3450,MAXR
3451,MAYS
3452,MBCN
3453,MBI
3454,MBII
3455,MBIN
3456,MBINN
3457,MBINO
3458,MBINP
3459,MBIO
3460,MBNKP
3461,MBOT
3462,MBRX
3463,MBT
3464,MBTC
3465,MBTCU
3466,MBUU
3467,MBWM
3468,MC
3469,MCA
3470,MCAG
3471,MCAGU
3472,MCB
3473,MCBC
3474,MCBS
3475,MCD
3476,MCFE
3477,MCFT
3478,MCG
3479,MCHP
3480,MCHX
3481,MCI
3482,MCK
3483,MCO
3484,MCR
3485,MCRB
3486,MCRI
3487,MCS
3488,MCY
3489,MD
3490,MDB
3491,MDC
3492,MDGL
3493,MDGS
3494,MDGSW
3495,MDIA
3496,MDJH
3497,MDLZ
3498,MDRR
3499,MDRRP
3500,MDRX
3501,MDT
3502,MDVA
3503,MDVL
3504,MDWD
3505,MDWT
3506,MDXG
3507,ME
3508,MEC
3509,MED
3510,MEDP
3511,MEI
3512,MEIP
3513,MELI
3514,MERC
3515,MESA
3516,MESO
3517,MET
3518,METC
3519,METX
3520,METXW
3521,MFA
3522,MFC
3523,MFD
3524,MFG
3525,MFGP
3526,MFH
3527,MFIN
3528,MFL
3529,MFM
3530,MFV
3531,MG
3532,MGA
3533,MGF
3534,MGI
3535,MGIC
3536,MGLN
3537,MGM
3538,MGNI
3539,MGNX
3540,MGP
3541,MGPI
3542,MGR
3543,MGRB
3544,MGRC
3545,MGRD
3546,MGTA
3547,MGTX
3548,MGU
3549,MGY
3550,MGYR
3551,MHD
3552,MHF
3553,MHH
3554,MHI
3555,MHK
3556,MHLA
3557,MHLD
3558,MHN
3559,MHNC
3560,MHO
3561,MIC
3562,MICT
3563,MIDD
3564,MIGI
3565,MILE
3566,MILEW
3567,MIME
3568,MIMO
3569,MIN
3570,MIND
3571,MINDP
3572,MINM
3573,MIR
3574,MIRM
3575,MIRO
3576,MITC
3577,MITK
3578,MITO
3579,MITQ
3580,MITT
3581,MIXT
3582,MIY
3583,MKC
3584,MKD
3585,MKFG
3586,MKL
3587,MKSI
3588,MKTW
3589,MKTWW
3590,MKTX
3591,ML
3592,MLAB
3593,MLAC
3594,MLACW
3595,MLCO
3596,MLI
3597,MLKN
3598,MLM
3599,MLP
3600,MLR
3601,MLSS
3602,MLVF
3603,MMAT
3604,MMC
3605,MMD
3606,MMI
3607,MMLP
3608,MMMB
3609,MMP
3610,MMS
3611,MMSI
3612,MMT
3613,MMU
3614,MMYT
3615,MN
3616,MNDO
3617,MNDT
3618,MNKD
3619,MNOV
3620,MNP
3621,MNPR
3622,MNR
3623,MNRL
3624,MNSB
3625,MNSBP
3626,MNSO
3627,MNST
3628,MNTV
3629,MNTX
3630,MO
3631,MOBQ
3632,MOBQW
3633,MOD
3634,MODN
3635,MOFG
3636,MOGU
3637,MOH
3638,MOHO
3639,MOMO
3640,MOR
3641,MORF
3642,MORN
3643,MOS
3644,MOTS
3645,MOTV
3646,MOV
3647,MOVE
3648,MP
3649,MPA
3650,MPAA
3651,MPAC
3652,MPACR
3653,MPACW
3654,MPB
3655,MPC
3656,MPLN
3657,MPLX
3658,MPV
3659,MPW
3660,MPWR
3661,MPX
3662,MQ
3663,MQT
3664,MQY
3665,MRAI
3666,MRAM
3667,MRBK
3668,MRC
3669,MRCC
3670,MREO
3671,MRIN
3672,MRK
3673,MRKR
3674,MRLN
3675,MRM
3676,MRNA
3677,MRNS
3678,MRO
3679,MRSN
3680,MRTN
3681,MRTX
3682,MRUS
3683,MRVI
3684,MRVL
3685,MS
3686,MSA
3687,MSAC
3688,MSACW
3689,MSB
3690,MSBI
3691,MSC
3692,MSCI
3693,MSD
3694,MSDA
3695,MSDAU
3696,MSDAW
3697,MSEX
3698,MSFT
3699,MSGE
3700,MSGS
3701,MSI
3702,MSM
3703,MSN
3704,MSP
3705,MSTR
3706,MSVB
3707,MT
3708,MTB
3709,MTBC
3710,MTBCP
3711,MTC
3712,MTCN
3713,MTCR
3714,MTD
3715,MTDR
3716,MTEM
3717,MTEX
3718,MTG
3719,MTH
3720,MTL
3721,MTLS
3722,MTN
3723,MTNB
3724,MTOR
3725,MTP
3726,MTR
3727,MTRX
3728,MTSI
3729,MTTR
3730,MTTRW
3731,MTW
3732,MTX
3733,MTZ
3734,MU
3735,MUA
3736,MUC
3737,MUE
3738,MUFG
3739,MUI
3740,MUJ
3741,MULN
3742,MUR
3743,MUSA
3744,MUX
3745,MVBF
3746,MVF
3747,MVIS
3748,MVO
3749,MVST
3750,MVSTW
3751,MVT
3752,MWA
3753,MX
3754,MXC
3755,MXCT
3756,MXE
3757,MXF
3758,MXL
3759,MYC
3760,MYD
3761,MYE
3762,MYFW
3763,MYGN
3764,MYI
3765,MYJ
3766,MYMD
3767,MYN
3768,MYO
3769,MYOV
3770,MYPS
3771,MYPSW
3772,MYRG
3773,MYSZ
3774,MYTE
3775,NAAC
3776,NAACU
3777,NAACW
3778,NABL
3779,NAC
3780,NAD
3781,NAII
3782,NAKD
3783,NAN
3784,NAOV
3785,NAPA
3786,NARI
3787,NAT
3788,NATH
3789,NATI
3790,NATR
3791,NAUT
3792,NAVB
3793,NAVI
3794,NAZ
3795,NBB
3796,NBEV
3797,NBH
3798,NBHC
3799,NBIX
3800,NBN
3801,NBO
3802,NBR
3803,NBRV
3804,NBSE
3805,NBTB
3806,NBTX
3807,NBW
3808,NBY
3809,NCA
3810,NCBS
3811,NCLH
3812,NCMI
3813,NCNA
3814,NCNO
3815,NCR
3816,NCSM
3817,NCTY
3818,NCV
3819,NCZ
3820,NDAQ
3821,NDLS
3822,NDMO
3823,NDP
3824,NDRA
3825,NDRAW
3826,NDSN
3827,NE
3828,NEA
3829,NECB
3830,NEE
3831,NEM
3832,NEN
3833,NEO
3834,NEOG
3835,NEON
3836,NEP
3837,NEPH
3838,NERV
3839,NES
3840,NESR
3841,NESRW
3842,NET
3843,NETI
3844,NEU
3845,NEV
3846,NEW
3847,NEWR
3848,NEWT
3849,NEWTL
3850,NEX
3851,NEXA
3852,NEXI
3853,NEXT
3854,NFBK
3855,NFE
3856,NFG
3857,NFH
3858,NFJ
3859,NFLX
3860,NGCA
3861,NGCAU
3862,NGCAW
3863,NGG
3864,NGM
3865,NGMS
3866,NGS
3867,NGVC
3868,NGVT
3869,NH
3870,NHC
3871,NHI
3872,NHS
3873,NHTC
3874,NI
3875,NICE
3876,NID
3877,NIE
3878,NILE
3879,NIM
3880,NIMC
3881,NINE
3882,NIO
3883,NIQ
3884,NISN
3885,NIU
3886,NJR
3887,NKE
3888,NKG
3889,NKLA
3890,NKSH
3891,NKTR
3892,NKTX
3893,NKX
3894,NL
3895,NLOK
3896,NLS
3897,NLSN
3898,NLSP
3899,NLSPW
3900,NLTX
3901,NLY
3902,NM
3903,NMCO
3904,NMFC
3905,NMI
3906,NMIH
3907,NML
3908,NMM
3909,NMR
3910,NMRD
3911,NMRK
3912,NMS
3913,NMT
3914,NMTC
3915,NMTR
3916,NMZ
3917,NN
3918,NNAVW
3919,NNDM
3920,NNI
3921,NNN
3922,NNOX
3923,NNVC
3924,NNY
3925,NOA
3926,NOAH
3927,NOC
3928,NODK
3929,NOG
3930,NOK
3931,NOM
3932,NOMD
3933,NOTV
3934,NOV
3935,NOVA
3936,NOVN
3937,NOW
3938,NP
3939,NPCE
3940,NPK
3941,NPTN
3942,NPV
3943,NQP
3944,NR
3945,NRAC
3946,NRACU
3947,NRACW
3948,NRBO
3949,NRC
3950,NRDS
3951,NRDY
3952,NREF
3953,NRG
3954,NRGX
3955,NRIM
3956,NRIX
3957,NRK
3958,NRO
3959,NRP
3960,NRT
3961,NRXP
3962,NRXPW
3963,NRZ
3964,NSA
3965,NSC
3966,NSEC
3967,NSIT
3968,NSL
3969,NSP
3970,NSPR
3971,NSPRZ
3972,NSSC
3973,NSTG
3974,NSYS
3975,NTAP
3976,NTB
3977,NTCO
3978,NTCT
3979,NTES
3980,NTG
3981,NTGR
3982,NTIC
3983,NTLA
3984,NTNX
3985,NTP
3986,NTR
3987,NTRA
3988,NTRB
3989,NTRBW
3990,NTRS
3991,NTRSO
3992,NTST
3993,NTUS
3994,NTWK
3995,NTZ
3996,NUAN
3997,NUE
3998,NUO
3999,NURO
4000,NUS
4001,NUV
4002,NUVA
4003,NUVB
4004,NUVL
4005,NUW
4006,NUWE
4007,NUZE
4008,NVAX
4009,NVCR
4010,NVDA
4011,NVEC
4012,NVEE
4013,NVFY
4014,NVG
4015,NVGS
4016,NVIV
4017,NVMI
4018,NVNO
4019,NVNOW
4020,NVO
4021,NVOS
4022,NVR
4023,NVRO
4024,NVS
4025,NVSA
4026,NVSAU
4027,NVSAW
4028,NVST
4029,NVT
4030,NVTA
4031,NVTS
4032,NVTSW
4033,NVVE
4034,NVVEW
4035,NWBI
4036,NWE
4037,NWFL
4038,NWG
4039,NWL
4040,NWLI
4041,NWN
4042,NWPX
4043,NWS
4044,NWSA
4045,NX
4046,NXC
4047,NXDT
4048,NXGL
4049,NXGLW
4050,NXGN
4051,NXJ
4052,NXN
4053,NXP
4054,NXPI
4055,NXRT
4056,NXST
4057,NXTC
4058,NXTD
4059,NXTP
4060,NYC
4061,NYCB
4062,NYMT
4063,NYMTL
4064,NYMTM
4065,NYMTN
4066,NYMTZ
4067,NYMX
4068,NYT
4069,NZF
4070,O
4071,OACB
4072,OAS
4073,OB
4074,OBAS
4075,OBLG
4076,OBNK
4077,OBSV
4078,OBT
4079,OCC
4080,OCCI
4081,OCCIN
4082,OCCIO
4083,OCDX
4084,OCFC
4085,OCFCP
4086,OCFT
4087,OCG
4088,OCGN
4089,OCN
4090,OCSL
4091,OCUL
4092,OCUP
4093,OCX
4094,ODC
4095,ODFL
4096,ODP
4097,ODT
4098,OEC
4099,OESX
4100,OFC
4101,OFED
4102,OFG
4103,OFIX
4104,OFLX
4105,OFS
4106,OFSSH
4107,OG
4108,OGE
4109,OGEN
4110,OGN
4111,OGS
4112,OHI
4113,OI
4114,OIA
4115,OII
4116,OIIM
4117,OIS
4118,OKE
4119,OKTA
4120,OLB
4121,OLED
4122,OLK
4123,OLLI
4124,OLMA
4125,OLN
4126,OLO
4127,OLP
4128,OLPX
4129,OM
4130,OMAB
4131,OMC
4132,OMCL
4133,OMEG
4134,OMER
4135,OMEX
4136,OMF
4137,OMGA
4138,OMI
4139,OMIC
4140,OMP
4141,OMQS
4142,ON
4143,ONB
4144,ONCR
4145,ONCS
4146,ONCT
4147,ONDS
4148,ONEM
4149,ONEW
4150,ONL
4151,ONTF
4152,ONTO
4153,ONTX
4154,ONVO
4155,OOMA
4156,OPAD
4157,OPBK
4158,OPCH
4159,OPEN
4160,OPFI
4161,OPGN
4162,OPHC
4163,OPI
4164,OPINL
4165,OPK
4166,OPNT
4167,OPOF
4168,OPP
4169,OPRA
4170,OPRT
4171,OPRX
4172,OPT
4173,OPTN
4174,OPTT
4175,OPY
4176,ORA
4177,ORAN
4178,ORC
4179,ORCC
4180,ORCL
4181,ORGN
4182,ORGNW
4183,ORGO
4184,ORGS
4185,ORI
4186,ORIA
4187,ORIAW
4188,ORIC
4189,ORLY
4190,ORMP
4191,ORN
4192,ORPH
4193,ORRF
4194,ORTX
4195,OSAT
4196,OSATW
4197,OSBC
4198,OSCR
4199,OSG
4200,OSH
4201,OSIS
4202,OSK
4203,OSMT
4204,OSPN
4205,OSS
4206,OSTK
4207,OSUR
4208,OSW
4209,OTIC
4210,OTLK
4211,OTLKW
4212,OTRK
4213,OTRKP
4214,OTTR
4215,OUST
4216,OUT
4217,OVBC
4218,OVID
4219,OVLY
4220,OVV
4221,OWL
4222,OWLT
4223,OXBR
4224,OXBRW
4225,OXLC
4226,OXLCL
4227,OXLCM
4228,OXLCO
4229,OXLCP
4230,OXM
4231,OXSQ
4232,OXSQZ
4233,OXY
4234,OYST
4235,OZK
4236,OZKAP
4237,OZON
4238,PAA
4239,PAC
4240,PACB
4241,PACK
4242,PACW
4243,PACX
4244,PACXU
4245,PACXW
4246,PAE
4247,PAG
4248,PAGP
4249,PAGS
4250,PAI
4251,PALI
4252,PALT
4253,PAM
4254,PANA
4255,PANL
4256,PANW
4257,PAQC
4258,PAQCU
4259,PAQCW
4260,PAR
4261,PARR
4262,PASG
4263,PATH
4264,PATI
4265,PATK
4266,PAVM
4267,PAVMW
4268,PAVMZ
4269,PAX
4270,PAY
4271,PAYA
4272,PAYC
4273,PAYO
4274,PAYOW
4275,PAYS
4276,PAYX
4277,PB
4278,PBA
4279,PBBK
4280,PBC
4281,PBCT
4282,PBCTP
4283,PBF
4284,PBFS
4285,PBH
4286,PBHC
4287,PBI
4288,PBIP
4289,PBLA
4290,PBPB
4291,PBR
4292,PBT
4293,PBTS
4294,PBYI
4295,PCAR
4296,PCB
4297,PCF
4298,PCG
4299,PCGU
4300,PCH
4301,PCK
4302,PCM
4303,PCN
4304,PCOR
4305,PCQ
4306,PCRX
4307,PCSA
4308,PCSB
4309,PCT
4310,PCTI
4311,PCTTU
4312,PCTTW
4313,PCTY
4314,PCVX
4315,PCYG
4316,PCYO
4317,PD
4318,PDCE
4319,PDCO
4320,PDD
4321,PDEX
4322,PDFS
4323,PDI
4324,PDM
4325,PDO
4326,PDSB
4327,PDT
4328,PEAK
4329,PEAR
4330,PEARW
4331,PEB
4332,PEBK
4333,PEBO
4334,PECO
4335,PEG
4336,PEGA
4337,PEI
4338,PEN
4339,PENN
4340,PEO
4341,PEP
4342,PERI
4343,PESI
4344,PETQ
4345,PETS
4346,PETV
4347,PETVW
4348,PETZ
4349,PFBC
4350,PFC
4351,PFD
4352,PFDR
4353,PFDRU
4354,PFDRW
4355,PFE
4356,PFG
4357,PFGC
4358,PFHD
4359,PFIE
4360,PFIN
4361,PFIS
4362,PFL
4363,PFLT
4364,PFMT
4365,PFN
4366,PFO
4367,PFS
4368,PFSI
4369,PFSW
4370,PFX
4371,PFXNL
4372,PG
4373,PGC
4374,PGEN
4375,PGNY
4376,PGP
4377,PGR
4378,PGRE
4379,PGTI
4380,PGZ
4381,PH
4382,PHAR
4383,PHAS
4384,PHAT
4385,PHCF
4386,PHD
4387,PHG
4388,PHGE
4389,PHI
4390,PHIC
4391,PHICU
4392,PHICW
4393,PHIO
4394,PHK
4395,PHR
4396,PHT
4397,PHUN
4398,PHUNW
4399,PHVS
4400,PHX
4401,PI
4402,PIAI
4403,PII
4404,PIK
4405,PIM
4406,PINC
4407,PINE
4408,PING
4409,PIPR
4410,PIRS
4411,PIXY
4412,PJT
4413,PK
4414,PKBK
4415,PKG
4416,PKI
4417,PKOH
4418,PKX
4419,PL
4420,PLAB
4421,PLAN
4422,PLAY
4423,PLBC
4424,PLBY
4425,PLCE
4426,PLD
4427,PLIN
4428,PLL
4429,PLMI
4430,PLMIU
4431,PLMIW
4432,PLMR
4433,PLNT
4434,PLOW
4435,PLPC
4436,PLRX
4437,PLSE
4438,PLTK
4439,PLTR
4440,PLUG
4441,PLUS
4442,PLX
4443,PLXP
4444,PLXS
4445,PLYA
4446,PLYM
4447,PM
4448,PMCB
4449,PMD
4450,PME
4451,PMF
4452,PML
4453,PMM
4454,PMO
4455,PMT
4456,PMTS
4457,PMVP
4458,PMX
4459,PNBK
4460,PNC
4461,PNF
4462,PNFP
4463,PNFPP
4464,PNI
4465,PNM
4466,PNNT
4467,PNR
4468,PNRG
4469,PNT
4470,PNTG
4471,PNTM
4472,PNW
4473,POAI
4474,PODD
4475,POLA
4476,POLY
4477,POOL
4478,POR
4479,POSH
4480,POST
4481,POW
4482,POWI
4483,POWL
4484,POWRU
4485,POWRW
4486,POWW
4487,POWWP
4488,PPBI
4489,PPBT
4490,PPC
4491,PPG
4492,PPGH
4493,PPGHU
4494,PPGHW
4495,PPL
4496,PPSI
4497,PPT
4498,PRA
4499,PRAA
4500,PRAX
4501,PRCH
4502,PRCT
4503,PRDO
4504,PRFT
4505,PRFX
4506,PRG
4507,PRGO
4508,PRGS
4509,PRI
4510,PRIM
4511,PRK
4512,PRLB
4513,PRLD
4514,PRMW
4515,PRO
4516,PROG
4517,PROV
4518,PRPB
4519,PRPC
4520,PRPH
4521,PRPL
4522,PRPO
4523,PRQR
4524,PRS
4525,PRSR
4526,PRSRU
4527,PRSRW
4528,PRT
4529,PRTA
4530,PRTC
4531,PRTG
4532,PRTH
4533,PRTK
4534,PRTS
4535,PRTY
4536,PRU
4537,PRVA
4538,PRVB
4539,PSA
4540,PSB
4541,PSEC
4542,PSF
4543,PSFE
4544,PSHG
4545,PSMT
4546,PSN
4547,PSNL
4548,PSO
4549,PSTG
4550,PSTI
4551,PSTL
4552,PSTV
4553,PSTX
4554,PSX
4555,PSXP
4556,PT
4557,PTA
4558,PTC
4559,PTCT
4560,PTE
4561,PTEN
4562,PTGX
4563,PTIX
4564,PTIXW
4565,PTLO
4566,PTMN
4567,PTN
4568,PTNR
4569,PTON
4570,PTPI
4571,PTR
4572,PTRA
4573,PTRS
4574,PTSI
4575,PTVE
4576,PTY
4577,PUBM
4578,PUK
4579,PULM
4580,PUMP
4581,PUYI
4582,PV
4583,PVBC
4584,PVL
4585,PW
4586,PWFL
4587,PWOD
4588,PWP
4589,PWPPW
4590,PWR
4591,PWSC
4592,PX
4593,PXD
4594,PXLW
4595,PXS
4596,PXSAP
4597,PXSAW
4598,PYCR
4599,PYN
4600,PYPD
4601,PYPL
4602,PYS
4603,PYXS
4604,PZC
4605,PZG
4606,PZN
4607,PZZA
4608,QCOM
4609,QCRH
4610,QD
4611,QDEL
4612,QFIN
4613,QGEN
4614,QH
4615,QIPT
4616,QIWI
4617,QK
4618,QLGN
4619,QLI
4620,QLYS
4621,QMCO
4622,QNRX
4623,QNST
4624,QQQX
4625,QRHC
4626,QRTEA
4627,QRTEB
4628,QRTEP
4629,QRVO
4630,QS
4631,QSI
4632,QSIAW
4633,QTNT
4634,QTRX
4635,QTT
4636,QTWO
4637,QUAD
4638,QUBT
4639,QUIK
4640,QUMU
4641,QUOT
4642,QURE
4643,R
4644,RA
4645,RAAS
4646,RACE
4647,RAD
4648,RADI
4649,RAIL
4650,RAIN
4651,RAM
4652,RAMMU
4653,RAMMW
4654,RAMP
4655,RAND
4656,RANI
4657,RAPT
4658,RARE
4659,RAVE
4660,RBAC
4661,RBB
4662,RBBN
4663,RBCAA
4664,RBCN
4665,RBKB
4666,RBLX
4667,RBNC
4668,RBOT
4669,RC
4670,RCA
4671,RCAT
4672,RCC
4673,RCEL
4674,RCG
4675,RCII
4676,RCKT
4677,RCKY
4678,RCL
4679,RCM
4680,RCMT
4681,RCON
4682,RCOR
4683,RCS
4684,RCUS
4685,RDCM
4686,RDFN
4687,RDHL
4688,RDI
4689,RDIB
4690,RDN
4691,RDNT
4692,RDUS
4693,RDVT
4694,RDW
4695,RDWR
4696,RDY
4697,RE
4698,REAL
4699,REDU
4700,REED
4701,REFI
4702,REFR
4703,REG
4704,REGI
4705,REGN
4706,REI
4707,REKR
4708,RELI
4709,RELIW
4710,RELL
4711,RELX
4712,RELY
4713,RENN
4714,RENO
4715,RENT
4716,REPH
4717,REPL
4718,REPX
4719,RES
4720,RESN
4721,RETA
4722,RETO
4723,REV
4724,REVG
4725,REX
4726,REXR
4727,REYN
4728,REZI
4729,RF
4730,RFI
4731,RFIL
4732,RFL
4733,RFM
4734,RFMZ
4735,RFP
4736,RGA
4737,RGCO
4738,RGEN
4739,RGF
4740,RGLS
4741,RGNX
4742,RGP
4743,RGT
4744,RH
4745,RHE
4746,RHI
4747,RHP
4748,RIBT
4749,RICK
4750,RIDE
4751,RIG
4752,RIGL
4753,RILY
4754,RILYG
4755,RILYK
4756,RILYL
4757,RILYM
4758,RILYN
4759,RILYO
4760,RILYP
4761,RILYT
4762,RILYZ
4763,RIO
4764,RIOT
4765,RIV
4766,RIVN
4767,RJF
4768,RKDA
4769,RKLB
4770,RKLBW
4771,RKT
4772,RL
4773,RLAY
4774,RLGT
4775,RLGY
4776,RLI
4777,RLJ
4778,RLMD
4779,RLX
4780,RLYB
4781,RM
4782,RMAX
4783,RMBL
4784,RMBS
4785,RMCF
4786,RMD
4787,RMED
4788,RMGC
4789,RMGCU
4790,RMGCW
4791,RMI
4792,RMM
4793,RMNI
4794,RMO
4795,RMR
4796,RMT
4797,RMTI
4798,RNA
4799,RNAZ
4800,RNDB
4801,RNG
4802,RNGR
4803,RNLX
4804,RNP
4805,RNR
4806,RNST
4807,RNWK
4808,RNXT
4809,ROAD
4810,ROCC
4811,ROG
4812,ROIC
4813,ROK
4814,ROKU
4815,ROL
4816,ROLL
4817,ROLLP
4818,ROOT
4819,ROP
4820,ROST
4821,ROVR
4822,ROVRW
4823,RPAY
4824,RPD
4825,RPHM
4826,RPID
4827,RPM
4828,RPRX
4829,RPT
4830,RQI
4831,RRBI
4832,RRC
4833,RRD
4834,RRGB
4835,RRR
4836,RRX
4837,RS
4838,RSF
4839,RSG
4840,RSI
4841,RSLS
4842,RSSS
4843,RSVR
4844,RSVRW
4845,RTLR
4846,RTX
4847,RUBY
4848,RUN
4849,RUSHA
4850,RUSHB
4851,RUTH
4852,RVI
4853,RVLV
4854,RVMD
4855,RVNC
4856,RVP
4857,RVPH
4858,RVPHW
4859,RVSB
4860,RVT
4861,RWLK
4862,RWT
4863,RXDX
4864,RXRX
4865,RXST
4866,RXT
4867,RYAAY
4868,RYAM
4869,RYB
4870,RYI
4871,RYN
4872,RYTM
4873,RZA
4874,RZB
4875,RZLT
4876,S
4877,SABR
4878,SABRP
4879,SABS
4880,SABSW
4881,SACC
4882,SACH
4883,SAFE
4884,SAFT
4885,SAGE
4886,SAH
4887,SAIA
4888,SAIC
4889,SAIL
4890,SAK
4891,SAL
4892,SALM
4893,SAM
4894,SAMG
4895,SAN
4896,SANA
4897,SANM
4898,SANW
4899,SAP
4900,SAR
4901,SASR
4902,SATS
4903,SAVA
4904,SAVE
4905,SB
4906,SBAC
4907,SBBA
4908,SBCF
4909,SBET
4910,SBEV
4911,SBFG
4912,SBGI
4913,SBH
4914,SBI
4915,SBLK
4916,SBNY
4917,SBNYP
4918,SBOW
4919,SBR
4920,SBRA
4921,SBS
4922,SBSI
4923,SBSW
4924,SBT
4925,SBTX
4926,SC
4927,SCCB
4928,SCCC
4929,SCCD
4930,SCCO
4931,SCD
4932,SCHL
4933,SCHN
4934,SCHW
4935,SCI
4936,SCKT
4937,SCL
4938,SCM
4939,SCMA
4940,SCMAU
4941,SCMAW
4942,SCOA
4943,SCOAU
4944,SCOAW
4945,SCOB
4946,SCOBU
4947,SCOBW
4948,SCOR
4949,SCPH
4950,SCPL
4951,SCPS
4952,SCS
4953,SCSC
4954,SCU
4955,SCVL
4956,SCVX
4957,SCWX
4958,SCX
4959,SCYX
4960,SD
4961,SDC
4962,SDGR
4963,SDH
4964,SDHY
4965,SDIG
4966,SDPI
4967,SE
4968,SEAC
4969,SEAS
4970,SEAT
4971,SEATW
4972,SECO
4973,SEDG
4974,SEE
4975,SEED
4976,SEEL
4977,SEER
4978,SEIC
4979,SELB
4980,SELF
4981,SEM
4982,SEMR
4983,SENEA
4984,SENEB
4985,SENS
4986,SERA
4987,SESN
4988,SEV
4989,SEVN
4990,SF
4991,SFB
4992,SFBC
4993,SFBS
4994,SFE
4995,SFET
4996,SFIX
4997,SFL
4998,SFM
4999,SFNC
5000,SFST
5001,SFT
5002,SFUN
5003,SG
5004,SGA
5005,SGBX
5006,SGEN
5007,SGFY
5008,SGH
5009,SGHT
5010,SGLB
5011,SGLBW
5012,SGMA
5013,SGML
5014,SGMO
5015,SGMS
5016,SGRP
5017,SGRY
5018,SGTX
5019,SGU
5020,SHAK
5021,SHBI
5022,SHC
5023,SHCR
5024,SHCRW
5025,SHEN
5026,SHG
5027,SHI
5028,SHLS
5029,SHLX
5030,SHO
5031,SHOO
5032,SHPW
5033,SHW
5034,SHYF
5035,SIBN
5036,SID
5037,SIEB
5038,SIEN
5039,SIF
5040,SIFY
5041,SIG
5042,SIGA
5043,SIGI
5044,SIGIP
5045,SILC
5046,SILK
5047,SILV
5048,SIM
5049,SIMO
5050,SINO
5051,SINT
5052,SIOX
5053,SIRI
5054,SISI
5055,SITC
5056,SITM
5057,SIVB
5058,SIVBP
5059,SIX
5060,SJ
5061,SJI
5062,SJIJ
5063,SJIV
5064,SJM
5065,SJT
5066,SJW
5067,SKIL
5068,SKIN
5069,SKLZ
5070,SKM
5071,SKT
5072,SKX
5073,SKY
5074,SKYA
5075,SKYT
5076,SKYW
5077,SLAB
5078,SLAM
5079,SLAMU
5080,SLAMW
5081,SLB
5082,SLCA
5083,SLCR
5084,SLCRU
5085,SLCRW
5086,SLDB
5087,SLDP
5088,SLDPW
5089,SLF
5090,SLG
5091,SLGC
5092,SLGCW
5093,SLGG
5094,SLGL
5095,SLGN
5096,SLHG
5097,SLHGP
5098,SLM
5099,SLMBP
5100,SLN
5101,SLNG
5102,SLNH
5103,SLNHP
5104,SLNO
5105,SLP
5106,SLQT
5107,SLRC
5108,SLRX
5109,SLS
5110,SLVM
5111,SM
5112,SMAR
5113,SMBC
5114,SMBK
5115,SMCI
5116,SMED
5117,SMFG
5118,SMFR
5119,SMFRW
5120,SMG
5121,SMHI
5122,SMID
5123,SMIT
5124,SMLP
5125,SMLR
5126,SMM
5127,SMMF
5128,SMMT
5129,SMP
5130,SMPL
5131,SMRT
5132,SMSI
5133,SMTC
5134,SMTI
5135,SNA
5136,SNAP
5137,SNAX
5138,SNAXW
5139,SNBR
5140,SNCE
5141,SNCR
5142,SNCY
5143,SND
5144,SNDA
5145,SNDR
5146,SNDX
5147,SNES
5148,SNEX
5149,SNFCA
5150,SNGX
5151,SNMP
5152,SNN
5153,SNOA
5154,SNOW
5155,SNP
5156,SNPO
5157,SNPS
5158,SNPX
5159,SNSE
5160,SNT
5161,SNV
5162,SNX
5163,SNY
5164,SO
5165,SOFI
5166,SOHO
5167,SOHOB
5168,SOHON
5169,SOHOO
5170,SOHU
5171,SOI
5172,SOJC
5173,SOJD
5174,SOJE
5175,SOL
5176,SOLN
5177,SOLO
5178,SOLOW
5179,SON
5180,SONM
5181,SONN
5182,SONO
5183,SONX
5184,SONY
5185,SOPA
5186,SOR
5187,SOS
5188,SOTK
5189,SOVO
5190,SP
5191,SPCB
5192,SPE
5193,SPFI
5194,SPG
5195,SPGI
5196,SPH
5197,SPI
5198,SPIR
5199,SPKB
5200,SPKBU
5201,SPKBW
5202,SPLK
5203,SPNE
5204,SPNS
5205,SPNT
5206,SPOK
5207,SPOT
5208,SPPI
5209,SPR
5210,SPRB
5211,SPRC
5212,SPRO
5213,SPSC
5214,SPT
5215,SPTN
5216,SPWH
5217,SPWR
5218,SPXC
5219,SPXX
5220,SQ
5221,SQFT
5222,SQFTP
5223,SQL
5224,SQLLW
5225,SQM
5226,SQNS
5227,SQSP
5228,SQZ
5229,SR
5230,SRAX
5231,SRC
5232,SRCE
5233,SRCL
5234,SRDX
5235,SRE
5236,SREA
5237,SREV
5238,SRG
5239,SRGA
5240,SRI
5241,SRL
5242,SRLP
5243,SRNE
5244,SRPT
5245,SRRA
5246,SRRK
5247,SRSA
5248,SRSAW
5249,SRT
5250,SRTS
5251,SRV
5252,SRZN
5253,SRZNW
5254,SSB
5255,SSBI
5256,SSBK
5257,SSD
5258,SSKN
5259,SSL
5260,SSNC
5261,SSNT
5262,SSP
5263,SSSS
5264,SSTI
5265,SSY
5266,SSYS
5267,ST
5268,STAA
5269,STAB
5270,STAF
5271,STAG
5272,STAR          
5273,STBA
5274,STC
5275,STE
5276,STEM
5277,STEP
5278,STER
5279,STFC
5280,STG
5281,STGW
5282,STIM
5283,STK
5284,STKL
5285,STKS
5286,STL
5287,STLA
5288,STLD
5289,STM
5290,STN
5291,STNE
5292,STNG
5293,STOK
5294,STOR
5295,STRA
5296,STRC
5297,STRCW
5298,STRL
5299,STRM
5300,STRN
5301,STRNW
5302,STRO
5303,STRR
5304,STRRP
5305,STRS
5306,STRT
5307,STSA
5308,STT
5309,STTK
5310,STWD
5311,STX
5312,STXB
5313,STXS
5314,STZ
5315,SUI
5316,SUM
5317,SUMO
5318,SUMR
5319,SUN
5320,SUNL
5321,SUNS
5322,SUNW
5323,SUP
5324,SUPN
5325,SUPV
5326,SURF
5327,SURG
5328,SURGW
5329,SUZ
5330,SV
5331,SVC
5332,SVFA
5333,SVFAU
5334,SVFAW
5335,SVFB
5336,SVFC
5337,SVRA
5338,SVSVU
5339,SVSVW
5340,SVT
5341,SVVC
5342,SWAV
5343,SWBI
5344,SWCH
5345,SWI
5346,SWIM
5347,SWIR
5348,SWK
5349,SWKH
5350,SWKS
5351,SWM
5352,SWN
5353,SWT
5354,SWTX
5355,SWX
5356,SWZ
5357,SXI
5358,SXT
5359,SXTC
5360,SY
5361,SYBT
5362,SYBX
5363,SYF
5364,SYK
5365,SYN
5366,SYNA
5367,SYNH
5368,SYNL
5369,SYPR
5370,SYRS
5371,SYTA
5372,SYTAW
5373,SYY
5374,T
5375,TA
5376,TAC
5377,TACA
5378,TACO
5379,TACT
5380,TAIT
5381,TAK
5382,TAL
5383,TALK
5384,TALKW
5385,TALO
5386,TALS
5387,TANNI
5388,TANNL
5389,TANNZ
5390,TAOP
5391,TAP
5392,TARA
5393,TARO
5394,TARS
5395,TASK
5396,TAST
5397,TATT
5398,TAYD
5399,TBB
5400,TBBK
5401,TBC
5402,TBI
5403,TBK
5404,TBKCP
5405,TBLA
5406,TBLAW
5407,TBLT
5408,TBLTW
5409,TBNK
5410,TBPH
5411,TBSA
5412,TBSAW
5413,TC
5414,TCAC
5415,TCACU
5416,TCACW
5417,TCBC
5418,TCBI
5419,TCBIO
5420,TCBK
5421,TCBS
5422,TCBX
5423,TCDA
5424,TCFC
5425,TCI
5426,TCMD
5427,TCOM
5428,TCON
5429,TCPC
5430,TCRR
5431,TCRX
5432,TCS
5433,TCVA
5434,TCX
5435,TDC
5436,TDF
5437,TDG
5438,TDOC
5439,TDS
5440,TDUP
5441,TDW
5442,TDY
5443,TEAF
5444,TEAM
5445,TECH
5446,TECTP
5447,TEDU
5448,TEF
5449,TEI
5450,TEKK
5451,TEKKU
5452,TEKKW
5453,TEL
5454,TELA
5455,TELL
5456,TEN
5457,TENB
5458,TENX
5459,TEO
5460,TER
5461,TERN
5462,TESS
5463,TEVA
5464,TEX
5465,TFC
5466,TFFP
5467,TFSL
5468,TFX
5469,TG
5470,TGH
5471,TGI
5472,TGLS
5473,TGNA
5474,TGP
5475,TGS
5476,TGT
5477,TGTX
5478,TH
5479,THC
5480,THFF
5481,THG
5482,THMO
5483,THO
5484,THQ
5485,THR
5486,THRM
5487,THRN
5488,THRX
5489,THRY
5490,THS
5491,THW
5492,THWWW
5493,TIGO
5494,TIGR
5495,TIL
5496,TIMB
5497,TINV
5498,TIOA
5499,TIOAU
5500,TIOAW
5501,TIPT
5502,TIRX
5503,TIVC
5504,TJX
5505,TK
5506,TKAT
5507,TKC
5508,TKNO
5509,TKR
5510,TLIS
5511,TLK
5512,TLMD
5513,TLMDW
5514,TLRY
5515,TLS
5516,TLSA
5517,TM
5518,TMBR
5519,TMCI
5520,TMDX
5521,TME
5522,TMHC
5523,TMO
5524,TMP
5525,TMPM
5526,TMPMW
5527,TMST
5528,TMUS
5529,TMX
5530,TNC
5531,TNDM
5532,TNET
5533,TNGX
5534,TNK
5535,TNL
5536,TNP
5537,TNXP
5538,TNYA
5539,TOI
5540,TOIIW
5541,TOL
5542,TOPS
5543,TOST
5544,TOWN
5545,TPB
5546,TPC
5547,TPGY
5548,TPH
5549,TPHS
5550,TPIC
5551,TPL
5552,TPR
5553,TPST
5554,TPTX
5555,TPVG
5556,TPX
5557,TPZ
5558,TR
5559,TRC
5560,TRDA
5561,TREB
5562,TREE
5563,TRGP
5564,TRHC
5565,TRIB
5566,TRIN
5567,TRIT
5568,TRITW
5569,TRKA
5570,TRKAW
5571,TRMB
5572,TRMD
5573,TRMK
5574,TRN
5575,TRNO
5576,TRNS
5577,TRON
5578,TROO
5579,TROW
5580,TROX
5581,TRS
5582,TRST
5583,TRT
5584,TRTN
5585,TRTX
5586,TRU
5587,TRUP
5588,TRV
5589,TRVG
5590,TRVI
5591,TRVN
5592,TS
5593,TSAT
5594,TSBK
5595,TSC
5596,TSCAP
5597,TSCBP
5598,TSCO
5599,TSE
5600,TSEM
5601,TSHA
5602,TSI
5603,TSLA
5604,TSLX
5605,TSM
5606,TSN
5607,TSP
5608,TSQ
5609,TSRI
5610,TSVT
5611,TT
5612,TTC
5613,TTCF
5614,TTD
5615,TTE
5616,TTEC
5617,TTEK
5618,TTI
5619,TTM
5620,TTMI
5621,TTNP
5622,TTOO
5623,TTP
5624,TTSH
5625,TTWO
5626,TUEM
5627,TUFN
5628,TUGC
5629,TUGCU
5630,TUGCW
5631,TUP
5632,TURN
5633,TUYA
5634,TV
5635,TVC
5636,TVE
5637,TVTX
5638,TVTY
5639,TW
5640,TWI
5641,TWIN
5642,TWKS
5643,TWLO
5644,TWN
5645,TWNI
5646,TWNK
5647,TWO
5648,TWOA
5649,TWOU
5650,TWST
5651,TWTR
5652,TX
5653,TXG
5654,TXMD
5655,TXN
5656,TXRH
5657,TXT
5658,TY
5659,TYG
5660,TYL
5661,TYME
5662,TYRA
5663,TZOO
5664,TZPS
5665,TZPSU
5666,TZPSW
5667,U
5668,UA
5669,UAA
5670,UAL
5671,UAN
5672,UBA
5673,UBCP
5674,UBER
5675,UBFO
5676,UBOH
5677,UBP
5678,UBS
5679,UBSI
5680,UBX
5681,UCBI
5682,UCBIO
5683,UCL
5684,UCTT
5685,UDR
5686,UE
5687,UEC
5688,UEIC
5689,UEPS
5690,UFAB
5691,UFCS
5692,UFPI
5693,UFPT
5694,UG
5695,UGI
5696,UGIC
5697,UGP
5698,UGRO
5699,UHAL
5700,UHS
5701,UHT
5702,UI
5703,UIHC
5704,UIS
5705,UK
5706,UKOMW
5707,UL
5708,ULBI
5709,ULCC
5710,ULH
5711,UMBF
5712,UMC
5713,UMH
5714,UMPQ
5715,UNAM
5716,UNB
5717,UNCY
5718,UNF
5719,UNFI
5720,UNH
5721,UNIT
5722,UNM
5723,UNMA
5724,UNP
5725,UNTY
5726,UNVR
5727,UONE
5728,UONEK
5729,UP
5730,UPC
5731,UPH
5732,UPLD
5733,UPS
5734,UPST
5735,URBN
5736,URGN
5737,URI
5738,USA
5739,USAC
5740,USAK
5741,USAP
5742,USAU
5743,USB
5744,USCB
5745,USDP
5746,USEG
5747,USER
5748,USFD
5749,USIO
5750,USLM
5751,USM
5752,USNA
5753,USPH
5754,USWS
5755,USWSW
5756,USX
5757,UTF
5758,UTG
5759,UTHR
5760,UTL
5761,UTMD
5762,UTME
5763,UTRS
5764,UTSI
5765,UTZ
5766,UUU
5767,UVE
5768,UVSP
5769,UVV
5770,UWMC
5771,UXIN
5772,UZD
5773,UZE
5774,UZF
5775,V
5776,VABK
5777,VAC
5778,VAL
5779,VALE
5780,VALU
5781,VAPO
5782,VAQC
5783,VATE
5784,VAXX
5785,VBF
5786,VBFC
5787,VBLT
5788,VBTX
5789,VC
5790,VCEL
5791,VCF
5792,VCIF
5793,VCKA
5794,VCKAW
5795,VCNX
5796,VCRA
5797,VCSA
5798,VCTR
5799,VCV
5800,VCYT
5801,VECO
5802,VECT
5803,VEEE
5804,VEEV
5805,VEL
5806,VENA
5807,VENAR
5808,VENAU
5809,VENAW
5810,VEON
5811,VERA
5812,VERB
5813,VERBW
5814,VERI
5815,VERO
5816,VERU
5817,VERV
5818,VERX
5819,VERY
5820,VEV
5821,VFC
5822,VFL
5823,VG
5824,VGFC
5825,VGI
5826,VGM
5827,VGR
5828,VHC
5829,VHI
5830,VIA
5831,VIAC
5832,VIACA
5833,VIACP
5834,VIAO
5835,VIASP
5836,VIAV
5837,VICI
5838,VICR
5839,VINC
5840,VINE
5841,VINO
5842,VINP
5843,VIOT
5844,VIPS
5845,VIR
5846,VIRC
5847,VIRI
5848,VIRT
5849,VIRX
5850,VISL
5851,VIST
5852,VITL
5853,VIV
5854,VIVE
5855,VIVO
5856,VJET
5857,VKI
5858,VKQ
5859,VKTX
5860,VLAT
5861,VLATU
5862,VLATW
5863,VLD
5864,VLDR
5865,VLDRW
5866,VLGEA
5867,VLO
5868,VLON
5869,VLRS
5870,VLT
5871,VLTA
5872,VLY
5873,VLYPO
5874,VLYPP
5875,VMEO
5876,VMI
5877,VMM
5878,VMO
5879,VMW
5880,VNDA
5881,VNET
5882,VNO
5883,VNOM
5884,VNRX
5885,VNT
5886,VNTR
5887,VOC
5888,VOD
5889,VOLT
5890,VOR
5891,VOXX
5892,VOYA
5893,VPCB
5894,VPCBU
5895,VPCBW
5896,VPG
5897,VPV
5898,VRA
5899,VRAR
5900,VRAY
5901,VRCA
5902,VRDN
5903,VRE
5904,VREX
5905,VRM
5906,VRME
5907,VRMEW
5908,VRNA
5909,VRNS
5910,VRNT
5911,VRPX
5912,VRS
5913,VRSK
5914,VRSN
5915,VRT
5916,VRTS
5917,VRTX
5918,VSAT
5919,VSH
5920,VST
5921,VSTA
5922,VSTM
5923,VSTO
5924,VTAQR
5925,VTGN
5926,VTN
5927,VTNR
5928,VTOL
5929,VTR
5930,VTRS
5931,VTRU
5932,VTSI
5933,VTVT
5934,VTYX
5935,VUZI
5936,VVI
5937,VVNT
5938,VVOS
5939,VVR
5940,VVV
5941,VWE
5942,VWTR
5943,VXRT
5944,VYGG
5945,VYGR
5946,VYNE
5947,VYNT
5948,VZ
5949,VZIO
5950,W
5951,WAB
5952,WABC
5953,WAFD
5954,WAFDP
5955,WAFU
5956,WAL
5957,WALD
5958,WALDU
5959,WALDW
5960,WASH
5961,WAT
5962,WATT
5963,WAVD
5964,WB
5965,WBA
5966,WBEV
5967,WBK
5968,WBS
5969,WBT
5970,WCC
5971,WCN
5972,WD
5973,WDAY
5974,WDC
5975,WDFC
5976,WE
5977,WEA
5978,WEAV
5979,WEBR
5980,WEC
5981,WEI
5982,WELL
5983,WEN
5984,WERN
5985,WES
5986,WETF
5987,WEX
5988,WEYS
5989,WF
5990,WFC
5991,WFCF
5992,WFRD
5993,WGO
5994,WH
5995,WHD
5996,WHF
5997,WHLM
5998,WHLR
5999,WHLRD
6000,WHLRP
6001,WHR
6002,WIA
6003,WILC
6004,WIMI
6005,WINA
6006,WING
6007,WINT
6008,WIRE
6009,WISA
6010,WISH
6011,WIT
6012,WIW
6013,WIX
6014,WK
6015,WKEY
6016,WKHS
6017,WKSP
6018,WKSPW
6019,WLDN
6020,WLFC
6021,WLK
6022,WLKP
6023,WLL
6024,WLMS
6025,WLTW
6026,WM
6027,WMB
6028,WMC
6029,WMG
6030,WMK
6031,WMPN
6032,WMS
6033,WMT
6034,WNC
6035,WNEB
6036,WNS
6037,WNW
6038,WOLF
6039,WOOF
6040,WOR
6041,WORX
6042,WOW
6043,WPC
6044,WPP
6045,WPRT
6046,WRAP
6047,WRB
6048,WRBY
6049,WRE
6050,WRLD
6051,WSBC
6052,WSBCP
6053,WSBF
6054,WSC
6055,WSFS
6056,WSM
6057,WSO
6058,WSR
6059,WST
6060,WSTG
6061,WTBA
6062,WTER
6063,WTFC
6064,WTFCM
6065,WTFCP
6066,WTI
6067,WTM
6068,WTRG
6069,WTRH
6070,WTRU
6071,WTS
6072,WTT
6073,WTTR
6074,WU
6075,WULF
6076,WVE
6077,WVFC
6078,WVVI
6079,WVVIP
6080,WW
6081,WWD
6082,WWE
6083,WWR
6084,WWW
6085,WY
6086,WYNN
6087,WYY
6088,X
6089,XBIO
6090,XBIOW
6091,XCUR
6092,XEL
6093,XELA
6094,XELB
6095,XENT
6096,XERS
6097,XFLT
6098,XFOR
6099,XGN
6100,XHR
6101,XIN
6102,XL
6103,XLNX
6104,XLO
6105,XM
6106,XMTR
6107,XNCR
6108,XNET
6109,XOM
6110,XOMA
6111,XOMAO
6112,XOMAP
6113,XOS
6114,XOSWW
6115,XP
6116,XPEL
6117,XPER
6118,XPEV
6119,XPL
6120,XPO
6121,XPOF
6122,XPRO
6123,XRAY
6124,XRX
6125,XSPA
6126,XTLB
6127,XTNT
6128,XYF
6129,XYL
6130,Y
6131,YALA
6132,YCBD
6133,YELL
6134,YELP
6135,YETI
6136,YEXT
6137,YGMZ
6138,YI
6139,YJ
6140,YMAB
6141,YMTX
6142,YNDX
6143,YORW
6144,YOU
6145,YPF
6146,YQ
6147,YRD
6148,YSG
6149,YTPG
6150,YUM
6151,YUMC
6152,YY
6153,Z
6154,ZBH
6155,ZBRA
6156,ZCMD
6157,ZD
6158,ZDGE
6159,ZEAL
6160,ZEN
6161,ZEPP
6162,ZEST
6163,ZETA
6164,ZEUS
6165,ZEV
6166,ZG
6167,ZGNX
6168,ZH
6169,ZI
6170,ZIM
6171,ZION
6172,ZIONL
6173,ZIONO
6174,ZIONP
6175,ZIOP
6176,ZIP
6177,ZIVO
6178,ZIVOW
6179,ZKIN
6180,ZLAB
6181,ZM
6182,ZNGA
6183,ZNH
6184,ZNTL
6185,ZS
6186,ZSAN
6187,ZTO
6188,ZTR
6189,ZTS
6190,ZUO
6191,ZVIA
6192,ZVO
6193,ZWS
6194,ZY
6195,ZYNE
6196,ZYXI
